Annexure II- Nifty Next 50 Index : August 2017,,,,,,,,,,,
,,,,,,,,,,,
Sr. No,Security Symbol,Security Name,Industry,Equity Capital (In Rs.),Free Float Market Capitalisation (Rs. Crores),Weightage (%),Beta,R2,Volatility (%),Monthly Return,Avg. Impact Cost (%)
1,ABB,ABB India Ltd.,ELECTRICAL EQUIPMENT,423816750,7100.52,1.00,0.55,0.05,0.97,-5.68,0.06
2,ASHOKLEY,Ashok Leyland Ltd.,AUTOMOBILES - 4 WHEELERS,2845876634,15239.67,2.15,1.42,0.25,1.89,-2.19,0.03
3,BAJFINANCE,Bajaj Finance Ltd.,FINANCE,1099780180,38214.12,5.40,1.94,0.34,2.52,4.63,0.03
4,BAJAJFINSV,Bajaj Finserv Ltd.,FINANCE,795806445,33281.95,4.70,1.41,0.23,2.19,10.24,0.04
5,BEL,Bharat Electronics Ltd.,ELECTRONICS - INDUSTRIAL,2233627930,13580.46,1.92,1.06,0.20,2.12,6.29,0.03
6,BHEL,Bharat Heavy Electricals Ltd.,ELECTRICAL EQUIPMENT,4895200000,11673.34,1.65,1.33,0.19,1.85,-11.16,0.04
7,BRITANNIA,Britannia Industries Ltd.,FOOD AND FOOD PROCESSING,240001630,24878.15,3.51,0.87,0.20,1.50,7.89,0.02
8,CADILAHC,Cadila Healthcare Ltd.,PHARMACEUTICALS,1023742595,12796.78,1.81,1.05,0.09,2.77,-8.03,0.04
9,COLPAL,Colgate Palmolive (India) Ltd.,PERSONAL CARE,271985634,14827.28,2.09,0.45,0.07,1.33,3.06,0.04
10,CONCOR,Container Corporation of India Ltd.,TRAVEL AND TRANSPORT,2437177390,14475.74,2.04,0.58,0.06,2.04,15.39,0.04
11,CUMMINSIND,Cummins India Ltd.,DIESEL ENGINES,554400000,12395.66,1.75,0.85,0.12,2.09,-7.61,0.05
12,DLF,DLF Ltd.,CONSTRUCTION,3568012840,8253.26,1.17,2.41,0.28,4.85,-4.29,0.05
13,DABUR,Dabur India Ltd.,PERSONAL CARE,1761520510,17761.76,2.51,0.73,0.16,1.71,1.65,0.03
14,DIVISLAB,Divi's Laboratories Ltd.,PHARMACEUTICALS,530937160,8873.87,1.25,1.00,0.06,2.27,3.49,0.04
15,EMAMILTD,Emami Ltd.,PERSONAL CARE,226967619,6660.05,0.94,0.93,0.12,1.90,-1.92,0.07
16,GSKCONS,GlaxoSmithkline Consumer Healthcare Ltd.,FOOD AND FOOD PROCESSING,420555380,6325.06,0.89,0.51,0.10,0.95,-1.80,0.07
17,GLAXO,Glaxosmithkline Pharmaceuticals Ltd.,PHARMACEUTICALS,847030170,5085.78,0.72,0.09,0.00,0.91,0.03,0.09
18,GLENMARK,Glenmark Pharmaceuticals Ltd.,PHARMACEUTICALS,282168156,9109.04,1.29,0.98,0.12,1.85,-12.62,0.03
19,GODREJCP,Godrej Consumer Products Ltd.,PERSONAL CARE,681201632,23422.51,3.31,1.14,0.18,2.61,-10.41,0.03
20,HAVELLS,Havells India Ltd.,ELECTRICAL EQUIPMENT,624855342,11595.63,1.64,1.36,0.23,2.26,3.29,0.04
21,HINDPETRO,Hindustan Petroleum Corporation Ltd.,REFINERIES,15238226250,36463.78,5.15,1.36,0.18,3.12,27.44,0.03
22,HINDZINC,Hindustan Zinc Ltd.,METALS,8450638000,7467.41,1.05,1.25,0.16,1.82,4.12,0.03
23,ICICIPRULI,ICICI Prudential Life Insurance Company Ltd.,FINANCE,14353507100,7965.77,1.13,0.67,0.07,1.54,-6.98,0.03
24,IDEA,Idea Cellular Ltd.,TELECOMMUNICATION - SERVICES,36058077110,12420.93,1.75,0.85,0.04,1.66,-1.95,0.04
25,INDIGO,InterGlobe Aviation Ltd.,TRAVEL AND TRANSPORT,3614683630,5771.89,0.82,0.27,0.01,1.84,-4.84,0.04
26,JSWSTEEL,JSW Steel Ltd.,STEEL AND STEEL PRODUCTS,2417220440,26442.46,3.74,1.64,0.34,2.03,14.98,0.03
27,LICHSGFIN,LIC Housing Finance Ltd.,FINANCE - HOUSING,1009326000,20404.03,2.88,1.63,0.39,1.33,-2.40,0.02
28,MARICO,Marico Ltd.,PERSONAL CARE,1290471198,16283.17,2.30,1.02,0.24,1.20,-5.75,0.02
29,MOTHERSUMI,Motherson Sumi Systems Ltd.,AUTO ANCILLARIES,2105289491,23999.67,3.39,1.56,0.35,1.75,-5.20,0.04
30,NHPC,NHPC Ltd.,POWER,102593205190,6258.70,0.88,1.06,0.16,1.41,-4.28,0.09
31,NMDC,NMDC Ltd.,MINING,3163890474,10017.67,1.42,1.48,0.24,1.90,-0.08,0.05
32,OIL,Oil India Ltd.,OIL EXPLORATION/PRODUCTION,7566026070,5177.89,0.73,0.55,0.08,1.62,-0.82,0.05
33,OFSS,Oracle Financial Services Software Ltd.,COMPUTERS - SOFTWARE,426394815,7586.11,1.07,0.61,0.11,1.28,-5.56,0.05
34,PETRONET,Petronet LNG Ltd.,GAS,15000000880,13632.00,1.93,1.10,0.16,1.90,11.40,0.03
35,PIDILITIND,Pidilite Industries Ltd.,CHEMICALS - SPECIALITY,512682730,12856.54,1.82,1.10,0.29,0.94,5.03,0.03
36,PEL,Piramal Enterprises Ltd.,PHARMACEUTICALS,345126200,22009.37,3.11,1.34,0.19,1.68,-8.09,0.03
37,PFC,Power Finance Corporation Ltd.,FINANCIAL INSTITUTION,26400814080,10960.03,1.55,1.46,0.22,3.24,-1.85,0.04
38,PGHH,Procter & Gamble Hygiene & Health Care Ltd.,PERSONAL CARE,324607360,7803.13,1.10,0.32,0.04,0.96,3.07,0.13
39,PNB,Punjab National Bank,BANKS,4255936516,10710.06,1.51,1.99,0.32,2.36,-11.40,0.04
40,RECLTD,Rural Electrification Corporation Ltd.,FINANCIAL INSTITUTION,19749180000,13647.77,1.93,1.64,0.25,2.64,-3.71,0.04
41,SHREECEM,Shree Cement Ltd.,CEMENT AND CEMENT PRODUCTS,348372250,15320.58,2.16,1.19,0.20,1.40,-5.43,0.05
42,SRTRANSFIN,Shriram Transport Finance Co. Ltd.,FINANCE,2268827360,14302.69,2.02,1.61,0.30,1.34,-3.15,0.03
43,SIEMENS,Siemens Ltd.,ELECTRICAL EQUIPMENT,712240510,11440.36,1.62,1.05,0.24,1.48,-11.69,0.04
44,SAIL,Steel Authority of India Ltd.,STEEL AND STEEL PRODUCTS,41305252890,6278.40,0.89,1.80,0.35,2.07,-3.87,0.05
45,SUNTV,Sun TV Network Ltd.,MEDIA & ENTERTAINMENT,1970423100,6861.51,0.97,1.73,0.18,2.55,-10.75,0.04
46,TITAN,Titan Company Ltd.,"GEMS, JEWELLERY AND WATCHES",887786160,25749.08,3.64,1.46,0.20,2.43,13.39,0.03
47,TORNTPHARM,Torrent Pharmaceuticals Ltd.,PHARMACEUTICALS,846113600,5906.13,0.83,0.81,0.10,2.39,-8.69,0.04
48,UPL,UPL Ltd.,PESTICIDES AND AGROCHEMICALS,1015948834,30285.23,4.28,1.33,0.27,2.11,-5.60,0.03
49,UBL,United Breweries Ltd.,BREW/DISTILLERIES,264405149,5417.48,0.77,0.74,0.13,1.40,-3.97,0.05
50,MCDOWELL-N,United Spirits Ltd.,BREW/DISTILLERIES,1307949680,12971.34,1.83,0.99,0.10,1.95,0.28,0.03
,,,,,707961.79,,,,,,0.04
,,,,,,,,,,,
* Beta & R2 are calculated for the period 01-Sep-2016 to 31-Aug 2017,,,,,,,,,,,
,,,,,,,,,,,
* Beta measures the  degree to which any portfolio of stocks is affected as compared to the effect,,,,,,,,,,,
  on the market as a whole.,,,,,,,,,,,
,,,,,,,,,,,
* The coefficient of determination (R2) measures the strength of relationship between two variables,,,,,,,,,,,
   the return on  a security versus that of the market.,,,,,,,,,,,
,,,,,,,,,,,
* Volatility is the Std. deviation of the daily returns for the period 01-Sep-2016 to 31-Aug 2017,,,,,,,,,,,
,,,,,,,,,,,
* Last day of trading was  31-Aug 2017,,,,,,,,,,,
,,,,,,,,,,,
* Impact Cost for Nifty Next 50 is for a portfolio of Rs. 25 Lakhs  ,,,,,,,,,,,
,,,,,,,,,,,
* Impact Cost for Nifty Next 50 is the weightage average impact cost,,,,,,,,,,,
