Annexure II- Nifty Next 50 Index : February 2016,,,,,,,,,,,
,,,,,,,,,,,
Sr. No,Security Symbol,Security Name,Industry,Equity Capital (In Rs.),Free Float Market Capitalisation (Rs. Crores),Weightage (%),Beta,R2,Volatility (%),Monthly Return,Avg. Impact Cost (%)
1,APOLLOHOSP,Apollo Hospitals Enterprises Ltd.,MISCELLANEOUS,695625795,11201.21,2.31,0.99,0.26,1.95,-0.62,0.04
2,ASHOKLEY,Ashok Leyland Ltd.,AUTOMOBILES - 4 WHEELERS,2845876634,12472.05,2.57,1.34,0.38,3.13,-2.18,0.04
3,AUROPHARMA,Aurobindo Pharma Ltd.,PHARMACEUTICALS,584819550,17638.10,3.64,1.40,0.35,3.92,-21.41,0.04
4,BAJAJFINSV,Bajaj Finserv Ltd.,FINANCE,795804810,10005.51,2.06,0.80,0.18,1.96,-13.42,0.09
5,BAJAJHLDNG,Bajaj Holdings & Investment Ltd.,FINANCE,1112935100,8258.34,1.70,0.41,0.07,1.93,-8.87,0.19
6,BANKINDIA,Bank of India,BANKS,8119131700,2028.97,0.42,1.64,0.44,3.28,-16.95,0.06
7,BHARATFORG,Bharat Forge Ltd.,CASTINGS/FORGINGS,465588632,9209.16,1.90,1.23,0.30,2.07,-10.46,0.05
8,INFRATEL,Bharti Infratel Ltd.,TELECOMMUNICATION - EQUIPMENT,18966670690,18945.81,3.91,0.63,0.06,2.94,-1.23,0.05
9,BRITANNIA,Britannia Industries Ltd.,FOOD AND FOOD PROCESSING,239951630,16203.48,3.34,0.73,0.16,2.21,2.48,0.04
10,CANBK,Canara Bank,BANKS,5429910540,2236.96,0.46,1.54,0.40,2.75,-18.32,0.05
11,COLPAL,Colgate Palmolive (India) Ltd.,PERSONAL CARE,271985634,10933.71,2.26,0.52,0.15,1.11,-4.38,0.05
12,CONCOR,Container Corporation of India Ltd.,TRAVEL AND TRANSPORT,1949741910,8582.61,1.77,0.62,0.08,2.59,-2.40,0.05
13,CUMMINSIND,Cummins India Ltd.,DIESEL ENGINES,554400000,10991.88,2.27,0.85,0.21,2.33,-12.38,0.08
14,DABUR,Dabur India Ltd.,PERSONAL CARE,1759141170,13349.77,2.75,0.63,0.16,1.86,-5.39,0.04
15,DIVISLAB,Divi's Laboratories Ltd.,PHARMACEUTICALS,530937160,12112.38,2.50,0.71,0.19,1.83,-16.69,0.05
16,EICHERMOT,Eicher Motors Ltd.,AUTOMOBILES - 4 WHEELERS,271611830,23101.32,4.76,1.11,0.28,2.16,14.23,0.03
17,EXIDEIND,Exide Industries Ltd.,AUTO ANCILLARIES,850000000,5868.32,1.21,0.83,0.23,1.89,6.32,0.06
18,FEDERALBNK,Federal Bank Ltd.,BANKS,3439386780,7953.58,1.64,1.19,0.33,2.29,0.22,0.07
19,GSKCONS,GlaxoSmithkline Consumer Healthcare Ltd.,FOOD AND FOOD PROCESSING,420555380,6550.15,1.35,0.29,0.04,1.33,-4.73,0.08
20,GLAXO,Glaxosmithkline Pharmaceuticals Ltd.,PHARMACEUTICALS,847030170,6686.03,1.38,0.39,0.13,1.11,-2.44,0.12
21,GLENMARK,Glenmark Pharmaceuticals Ltd.,PHARMACEUTICALS,282158156,10378.48,2.14,0.98,0.20,2.14,-4.63,0.05
22,GODREJCP,Godrej Consumer Products Ltd.,PERSONAL CARE,340533823,14972.91,3.09,0.79,0.13,1.84,-2.99,0.06
23,HINDPETRO,Hindustan Petroleum Corporation Ltd.,REFINERIES,3386272500,11414.97,2.35,1.18,0.28,3.18,-15.69,0.03
24,IBULHSGFIN,Indiabulls Housing Finance Ltd.,FINANCE - HOUSING,842479068,17449.93,3.60,1.10,0.26,2.55,-18.62,0.05
25,IOC,Indian Oil Corporation Ltd.,REFINERIES,24279524820,17852.73,3.68,0.86,0.22,2.47,-8.61,0.05
26,JSWSTEEL,JSW Steel Ltd.,STEEL AND STEEL PRODUCTS,2417220440,11980.66,2.47,1.07,0.25,2.46,6.57,0.05
27,LICHSGFIN,LIC Housing Finance Ltd.,FINANCE - HOUSING,1009326000,12773.53,2.63,1.49,0.51,2.89,-11.36,0.03
28,MRF,MRF Ltd.,TYRES,42411430,8006.13,1.65,1.11,0.40,1.92,-8.64,0.05
29,M&MFIN,Mahindra & Mahindra Financial Services Ltd.,FINANCE,1137529920,5628.04,1.16,1.00,0.24,2.72,-0.82,0.07
30,MARICO,Marico Ltd.,PERSONAL CARE,1290171198,12217.92,2.52,0.75,0.16,1.69,6.81,0.04
31,MOTHERSUMI,Motherson Sumi Systems Ltd.,AUTO ANCILLARIES,1322879040,10187.49,2.10,1.47,0.31,4.13,-14.90,0.05
32,NMDC,NMDC Ltd.,MINING,3964716000,6454.56,1.33,1.01,0.21,4.84,0.80,0.07
33,OIL,Oil India Ltd.,OIL EXPLORATION/PRODUCTION,6011359550,4275.73,0.88,0.63,0.14,1.56,-12.03,0.06
34,OFSS,Oracle Financial Services Software Ltd.,COMPUTERS - SOFTWARE,424210935,7096.92,1.46,0.60,0.18,1.98,-11.61,0.06
35,PETRONET,Petronet LNG Ltd.,GAS,7500000440,7053.00,1.45,0.72,0.17,2.62,-4.28,0.05
36,PFC,Power Finance Corporation Ltd.,FINANCIAL INSTITUTION,13200407040,6515.72,1.34,1.54,0.37,3.83,-11.91,0.06
37,RELCAPITAL,Reliance Capital Ltd.,FINANCE,2526328000,3660.65,0.76,1.73,0.45,3.25,-16.24,0.04
38,RCOM,Reliance Communications Ltd.,TELECOMMUNICATION - SERVICES,12444898725,5280.99,1.09,1.74,0.30,2.91,-16.73,0.09
39,RELINFRA,Reliance Infrastructure Ltd.,POWER,2629900000,5604.90,1.16,1.67,0.36,3.60,-13.02,0.03
40,RECLTD,Rural Electrification Corporation Ltd.,FINANCIAL INSTITUTION,9874590000,6003.85,1.24,1.48,0.37,3.06,-19.14,0.06
41,SRTRANSFIN,Shriram Transport Finance Co. Ltd.,FINANCE,2268827360,11696.98,2.41,0.92,0.16,2.37,-4.58,0.05
42,SIEMENS,Siemens Ltd.,ELECTRICAL EQUIPMENT,712240510,8778.36,1.81,1.45,0.51,2.27,-3.41,0.05
43,SAIL,Steel Authority of India Ltd.,STEEL AND STEEL PRODUCTS,41305252890,3603.88,0.74,1.39,0.36,2.94,-18.46,0.09
44,SUNDARMFIN,Sundaram Finance Ltd.,FINANCE,1111038600,8239.21,1.70,0.57,0.11,1.87,-10.74,0.17
45,TATACHEM,Tata Chemicals Ltd.,CHEMICALS - INORGANIC,2547562780,5555.58,1.15,1.22,0.42,2.13,-10.56,0.05
46,TATAGLOBAL,Tata Global Beverages Ltd.,TEA AND COFFEE,631129729,4313.33,0.89,1.28,0.43,2.75,-18.14,0.07
47,TITAN,Titan Company Ltd.,"GEMS, JEWELLERY AND WATCHES",887786160,13218.78,2.73,0.54,0.11,2.22,-12.90,0.05
48,UPL,UPL Ltd.,PESTICIDES AND AGROCHEMICALS,857208548,11450.38,2.36,1.08,0.22,2.38,-12.70,0.05
49,UBL,United Breweries Ltd.,BREW/DISTILLERIES,264405149,5307.60,1.09,0.97,0.21,1.48,3.91,0.07
50,MCDOWELL-N,United Spirits Ltd.,BREW/DISTILLERIES,1307949680,13520.98,2.79,0.96,0.17,3.02,6.52,0.05
,,,,,484823.56,,,,,,0.06
,,,,,,,,,,,
* Beta & R2 are calculated for the period 01-Mar-2015 to 29-Feb-2016,,,,,,,,,,,
,,,,,,,,,,,
* Beta measures the  degree to which any portfolio of stocks is affected as compared to the effect,,,,,,,,,,,
  on the market as a whole.,,,,,,,,,,,
,,,,,,,,,,,
* The coefficient of determination (R2) measures the strength of relationship between two variables,,,,,,,,,,,
   the return on  a security versus that of the market.,,,,,,,,,,,
,,,,,,,,,,,
* Volatility is the Std. deviation of the daily returns for the period 01-Feb-2016 to 29-Feb-2016,,,,,,,,,,,
,,,,,,,,,,,
* Last day of trading was 29-Feb-2016.,,,,,,,,,,,
,,,,,,,,,,,
* Impact Cost for Nifty Next 50 is for a portfolio of Rs. 25 Lakhs  ,,,,,,,,,,,
,,,,,,,,,,,
* Impact Cost for Nifty Next 50 is the weightage average impact cost,,,,,,,,,,,
