Annexure II- Nifty Next 50 Index : Jan 2022,,,,,,,,,,,
,,,,,,,,,,,
Sr. No,Security Symbol,Security Name,Industry,Equity Capital (In Rs.),Free Float Market Capitalisation (Rs. Crores),Weightage (%),Beta,R2,Volatility (%),Monthly Return,Avg. Impact Cost (%)
1,ACC,ACC Ltd.,CEMENT,1877872630,20253.43,1.60,0.86,0.26,1.90,3.16,0.00
2,ADANIENT,Adani Enterprises Ltd.,TRADING - MINERALS/ MINING,1099810083,49442.50,3.90,1.42,0.22,2.26,0.32,0.00
3,ADANIGREEN,Adani Green Energy Ltd.,POWER,15640142800,53509.63,4.22,0.66,0.06,3.23,41.17,0.00
4,ADANITRANS,Adani Transmission Ltd.,POWER - TRANSMISSION,10998100830,42926.43,3.38,0.79,0.05,1.66,13.21,0.00
5,AMBUJACEM,Ambuja Cements Ltd.,CEMENT,3971290458,28129.75,2.22,0.98,0.28,2.22,-3.27,0.00
6,APOLLOHOSP,Apollo Hospitals Enterprise Ltd.,HOSPITAL,718923285,47041.22,3.71,0.75,0.08,2.28,-11.09,0.00
7,AUROPHARMA,Aurobindo Pharma Ltd.,PHARMACEUTICALS,585938609,18710.35,1.47,0.63,0.11,2.18,-13.60,0.00
8,DMART,Avenue Supermarts Ltd.,DIVERSIFIED RETAIL,6477746910,48557.41,3.83,0.91,0.19,2.22,-11.93,0.00
9,BAJAJHLDNG,Bajaj Holdings & Investment Ltd.,HOLDING COMPANIES,1112935100,20472.18,1.61,0.57,0.12,1.67,-5.00,0.00
10,BANDHANBNK,Bandhan Bank Ltd.,PRIVATE SECTOR BANK,16107232250,22383.58,1.76,1.06,0.19,2.04,24.87,0.00
11,BANKBARODA,Bank of Baroda,PUBLIC SECTOR BANK,10342724358,20994.67,1.65,1.37,0.24,2.46,31.24,0.00
12,BERGEPAINT,Berger Paints India Ltd.,PAINTS,971295037,18393.32,1.45,0.72,0.24,1.43,-6.39,0.00
13,BIOCON,Biocon Ltd.,PHARMACEUTICALS,6003000000,18023.48,1.42,0.62,0.12,2.07,0.67,0.00
14,BOSCHLTD,Bosch Ltd.,AUTO ANCILLARIES,294936400,14828.35,1.17,0.92,0.23,1.28,-4.54,0.00
15,CADILAHC,Cadila Healthcare Ltd.,PHARMACEUTICALS,1023742595,10908.94,0.86,0.52,0.08,1.71,-15.86,0.00
16,CHOLAFIN,Cholamandalam Investment and Finance Company Ltd.,NBFC,1641812798,26008.89,2.05,1.32,0.24,2.28,20.96,0.00
17,COLPAL,Colgate Palmolive (India) Ltd.,PERSONAL CARE,271985634,19906.54,1.57,0.27,0.06,1.06,-3.83,0.00
18,DLF,DLF Ltd.,RESIDENTIAL/COMMERCIAL/SEZ Project,4950630072,25364.56,2.00,1.78,0.42,2.32,0.12,0.00
19,DABUR,Dabur India Ltd.,PERSONAL CARE,1767856483,32834.03,2.59,0.32,0.08,0.99,-7.46,0.00
20,GAIL,GAIL (India) Ltd.,GAS TRANSMISSION/MARKETING,44403852250,27546.22,2.17,0.88,0.19,1.60,11.69,0.00
21,GLAND,Gland Pharma Ltd.,PHARMACEUTICALS,164301873,13831.41,1.09,0.27,0.01,2.16,-11.29,0.00
22,GODREJCP,Godrej Consumer Products Ltd.,PERSONAL CARE,1022581079,35241.17,2.78,0.49,0.05,1.72,-8.27,0.00
23,HDFCAMC,HDFC Asset Management Company Ltd.,ASSET MANAGEMENT COMPANIES,1065983175,15282.04,1.20,0.89,0.32,1.78,-9.85,0.00
24,HAVELLS,Havells India Ltd.,CONSUMER ELECTRONICS,626303067,31112.45,2.45,1.08,0.29,1.98,-15.22,0.00
25,HINDPETRO,Hindustan Petroleum Corporation Ltd.,REFINERIES/MARKETING,14185483450,21024.02,1.66,0.80,0.16,2.04,7.44,0.00
26,ICICIGI,ICICI Lombard General Insurance Company Ltd.,GENERAL INSURANCE,4908113080,36639.06,2.89,0.69,0.19,1.39,-2.29,0.00
27,ICICIPRULI,ICICI Prudential Life Insurance Company Ltd.,LIFE INSURANCE,14372851310,22805.25,1.80,0.79,0.17,1.99,-0.06,0.00
28,IGL,Indraprastha Gas Ltd.,LPG/CNG/PNG/LNG SUPPLIER,1400001600,14415.55,1.14,0.78,0.20,1.77,-16.50,0.00
29,INDUSTOWER,Indus Towers Ltd.,TELECOM - INFRASTRUCTURE,26949369500,21409.60,1.69,0.95,0.14,2.10,1.71,0.00
30,NAUKRI,Info Edge (India) Ltd.,E-RETAIL/ E-COMMERCE,1287841200,39707.43,3.13,0.92,0.13,3.59,-12.12,0.00
31,INDIGO,InterGlobe Aviation Ltd.,AIRLINES,3851909120,18749.26,1.48,1.12,0.24,2.18,-7.97,0.00
32,JINDALSTEL,Jindal Steel & Power Ltd.,STEEL,1020088097,16514.91,1.30,1.39,0.25,2.99,2.32,0.00
33,JUBLFOOD,Jubilant Foodworks Ltd.,RESTAURANTS,1319690400,27161.50,2.14,1.01,0.21,2.56,-5.76,0.00
34,LTI,Larsen & Toubro Infotech Ltd.,COMPUTERS - SOFTWARE,175222796,29953.46,2.36,0.80,0.12,2.80,-14.48,0.00
35,LUPIN,Lupin Ltd.,PHARMACEUTICALS,908393732,22921.60,1.81,0.46,0.06,1.58,-4.49,0.00
36,MARICO,Marico Ltd.,PERSONAL CARE,1292355968,26156.26,2.06,0.37,0.06,1.18,-5.87,0.00
37,MUTHOOTFIN,Muthoot Finance Ltd.,NBFC,4013215660,16560.97,1.31,0.93,0.21,1.32,-2.54,0.00
38,NMDC,NMDC Ltd.,INDUSTRIAL MINERALS,2930605850,16652.21,1.31,1.05,0.16,2.07,4.24,0.00
39,PIIND,PI Industries Ltd.,PESTICIDES AND AGROCHEMICALS,151718118,20518.04,1.62,0.74,0.10,1.50,-19.80,0.00
40,PIDILITIND,Pidilite Industries Ltd.,CHEMICALS - SPECIALITY,508158675,39267.08,3.09,0.58,0.16,1.97,-0.26,0.00
41,PEL,Piramal Enterprises Ltd.,OTHER FINANCIAL SERVICES,477327400,33515.45,2.64,1.45,0.32,2.11,-9.54,0.00
42,PGHH,Procter & Gamble Hygiene & Health Care Ltd.,PERSONAL CARE,324607360,11002.00,0.87,0.24,0.03,1.35,-4.56,0.00
43,PNB,Punjab National Bank,PUBLIC SECTOR BANK,22022031116,12952.49,1.02,1.18,0.21,1.92,11.39,0.00
44,SBICARD,SBI Cards and Payment Services Ltd.,NBFC,9430885390,24352.16,1.92,0.85,0.16,1.77,-5.24,0.00
45,SIEMENS,Siemens Ltd.,POWER EQUIPMENT,712240510,21707.35,1.71,0.96,0.27,1.75,-1.53,0.00
46,SAIL,Steel Authority of India Ltd.,STEEL,41305252890,14923.83,1.18,1.38,0.19,2.15,-8.16,0.00
47,TORNTPHARM,Torrent Pharmaceuticals Ltd.,PHARMACEUTICALS,846113600,13746.59,1.08,0.45,0.06,3.35,-18.51,0.00
48,MCDOWELL-N,United Spirits Ltd.,BREW/DISTILLERIES,1453277430,27065.25,2.13,0.73,0.16,2.15,-3.55,0.00
49,VEDL,Vedanta Ltd.,ALUMINIUM,3717199039,43892.83,3.46,1.06,0.14,2.19,-5.70,0.00
50,YESBANK,Yes Bank Ltd.,PRIVATE SECTOR BANK,50109811962,13462.23,1.06,1.01,0.15,1.45,-2.92,0.00
,,,,,1268778.93,,,,,,0.05
,,,,,,,,,,,
* Beta & R2 are calculated for the period  01-February-2021 to 31-January-2022,,,,,,,,,,,
,,,,,,,,,,,
* Beta measures the  degree to which any portfolio of stocks is affected as compared to the effect,,,,,,,,,,,
  on the market as a whole.,,,,,,,,,,,
,,,,,,,,,,,
* The coefficient of determination (R2) measures the strength of relationship between two variables,,,,,,,,,,,
   the return on  a security versus that of the market.,,,,,,,,,,,
,,,,,,,,,,,
* Volatility is the Std. deviation of the daily returns for the period  01-February-2021 to 31-January-2022,,,,,,,,,,,
,,,,,,,,,,,
* Last day of trading was 31-January-2022,,,,,,,,,,,
,,,,,,,,,,,
* Impact Cost for Nifty Next 50 is for a portfolio of Rs. 25 Lakhs  ,,,,,,,,,,,
,,,,,,,,,,,
* Impact Cost for Nifty Next 50 is the weightage average impact cost,,,,,,,,,,,
