Annexure II-  CNX Nifty Jr. Index : January 2013,,,,,,,,,,,
,,,,,,,,,,,
Sr. No,Security Symbol,Security Name,Industry,Equity Capital,Free Float Market Capitalisation for Jan 2013,Weightage,Beta,R2,Volatility,Monthly Return,Avg. Impact Cost Jan 2013
,,,,(In Rs.),(Rs. Crores),%,,,%,,%
3,ABIRLANUVO,Aditya Birla Nuvo Ltd.,DIVERSIFIED,1135298990,6150.71,1.8,1.04,0.32,1.23,3.65,0.08
1,ADANIENT,Adani Enterprises Ltd.,TRADING,1099810083,5511.4,1.61,1.92,0.38,2.36,-7.85,0.09
2,ADANIPORTS,Adani Ports and Special Economic Zone Ltd.,SHIPPING,4006788200,6787.63,1.99,0.94,0.17,2.6,11.52,0.1
4,APOLLOHOSP,Apollo Hospitals Enterprises Ltd.,MISCELLANEOUS,695625795,6164.34,1.81,0.38,0.04,1.39,2.69,0.06
5,ASHOKLEY,Ashok Leyland Ltd.,AUTOMOBILES - 4 WHEELERS,2660676634,3188.87,0.93,1.15,0.3,1.36,-9.28,0.11
6,BAJAJHLDNG,Bajaj Holdings & Investment Ltd.,FINANCE,1112935100,5949,1.74,0.4,0.08,1.44,-0.99,0.13
7,BANKINDIA,Bank of India,BANKS,5737803700,6586.83,1.93,1.78,0.56,2.64,2.92,0.08
8,BHARATFORG,Bharat Forge Ltd.,CASTINGS/FORGINGS,465588632,3099.26,0.91,0.92,0.26,1.39,-8.83,0.07
9,BIOCON,Biocon Ltd.,PHARMACEUTICALS,1000000000,1983.49,0.58,0.9,0.24,1.84,-2.51,0.07
10,BOSCHLTD,Bosch Ltd.,AUTO ANCILLARIES,313989000,8379.82,2.45,0.41,0.11,1.02,-2.7,0.08
11,CANBK,Canara Bank,BANKS,4430000000,6879.73,2.02,1.63,0.51,1.78,-3.18,0.07
12,COLPAL,Colgate Palmolive (India) Ltd.,PERSONAL CARE,135992817,8996.59,2.64,0.19,0.02,1.39,-13.85,0.07
13,CONCOR,Container Corporation of India Ltd.,TRAVEL AND TRANSPORT,1299827940,4484.97,1.31,0.25,0.03,0.92,1.6,0.14
14,CROMPGREAV,Crompton Greaves Ltd.,ELECTRICAL EQUIPMENT,1282983072,4000.36,1.17,1.48,0.35,1.93,-7.72,0.08
15,CUMMINSIND,Cummins India Ltd.,DIESEL ENGINES,554400000,6652.83,1.95,0.69,0.16,1.45,-5.7,0.13
16,DABUR,Dabur India Ltd.,PERSONAL CARE,1742921211,7247.84,2.12,0.4,0.09,1.01,2.95,0.06
17,DIVISLAB,Divi's Laboratories Ltd.,PHARMACEUTICALS,265468580,6670.05,1.95,0.49,0.1,1.12,-4.91,0.08
18,EXIDEIND,Exide Industries Ltd.,AUTO ANCILLARIES,850000000,5637.07,1.65,0.58,0.09,2.38,-14.96,0.07
19,FEDERALBNK,Federal Bank Ltd.,BANKS,1712115340,8655.6,2.54,0.92,0.35,1.16,-6.07,0.07
22,GLAXO,Glaxosmithkline Pharmaceuticals Ltd.,PHARMACEUTICALS,847030170,8561.02,2.51,0.16,0.02,0.78,-5.5,0.12
23,GLENMARK,Glenmark Pharmaceuticals Ltd.,PHARMACEUTICALS,270738053,7029.95,2.06,0.3,0.02,2.27,-4.93,0.07
20,GMRINFRA,GMR Infrastructure Ltd.,CONSTRUCTION,3892434782,2082.67,0.61,2.18,0.43,2.31,-2.58,0.15
24,GODREJCP,Godrej Consumer Products Ltd.,PERSONAL CARE,340326031,7581.1,2.22,0.1,0,1.18,-1.41,0.09
21,GSKCONS,GlaxoSmithkline Consumer Healthcare Ltd.,FOOD AND FOOD PROCESSING,420555380,9014.76,2.64,0.18,0.01,0.6,-0.87,0.05
25,HINDPETRO,Hindustan Petroleum Corporation Ltd.,REFINERIES,3386272500,5440.82,1.59,0.39,0.04,2.8,12.98,0.08
26,IDBI,IDBI Bank Ltd.,BANKS,12783696610,3694.7,1.08,1.59,0.59,1.47,-3.45,0.07
27,IDEA,Idea Cellular Ltd.,TELECOMMUNICATION - SERVICES,33119088200,9038.97,2.65,0.66,0.11,2.46,8.82,0.07
28,INDHOTEL,Indian Hotels Co. Ltd.,HOTELS,807472787,3117.23,0.91,1.19,0.39,1.56,-1.98,0.1
29,INDUSINDBK,IndusInd Bank Ltd.,BANKS,5220590900,17598.91,5.15,1.11,0.42,1.32,4.5,0.08
30,JSWSTEEL,JSW Steel Ltd.,STEEL AND STEEL PRODUCTS,2231172000,9244.75,2.71,1.79,0.54,1.87,8.67,0.06
31,LICHSGFIN,LIC Housing Finance Ltd.,FINANCE - HOUSING,1009326000,8479.36,2.48,1.1,0.4,1.12,-3.38,0.05
48,MCDOWELL-N,United Spirits Ltd.,BREW/DISTILLERIES,1307949680,16419.98,4.81,1.74,0.18,1.83,-4.97,0.05
32,MPHASIS,MphasiS Ltd.,COMPUTERS - SOFTWARE,2101089410,2737.47,0.8,0.49,0.08,1.74,-2.98,0.09
33,OFSS,Oracle Financial Services Software Ltd.,COMPUTERS - SOFTWARE,420130870,5275.33,1.55,0.66,0.11,1.13,-3.03,0.07
34,PETRONET,Petronet LNG Ltd.,GAS,7500000440,4552.5,1.33,0.53,0.09,1.21,-3.44,0.07
35,PFC,Power Finance Corporation Ltd.,FINANCIAL INSTITUTION,13200125140,7324.05,2.15,1.83,0.47,2.05,3.63,0.06
37,RCOM,Reliance Communications Ltd.,TELECOMMUNICATION - SERVICES,10320134405,5485.64,1.61,2.1,0.53,3.83,11.91,0.08
39,RECLTD,Rural Electrification Corporation Ltd.,FINANCIAL INSTITUTION,9874590000,7915.99,2.32,1.98,0.53,2.24,-1.53,0.09
36,RELCAPITAL,Reliance Capital Ltd.,FINANCE,2456328000,5352.03,1.57,2.14,0.57,1.76,-0.98,0.05
38,RPOWER,Reliance Power Ltd.,POWER,28051264660,5066.64,1.48,1.93,0.5,2.1,-1.18,0.07
41,SAIL,Steel Authority of India Ltd.,STEEL AND STEEL PRODUCTS,41305252890,5073.34,1.49,1.31,0.41,2.03,-4.47,0.08
40,SRTRANSFIN,Shriram Transport Finance Co. Ltd.,FINANCE,2268549360,9663.57,2.83,0.84,0.23,1.32,4.28,0.08
42,TATACHEM,Tata Chemicals Ltd.,CHEMICALS - INORGANIC,2547562780,6284.94,1.84,0.7,0.26,1.53,1.09,0.08
43,TECHM,Tech Mahindra Ltd.,COMPUTERS - SOFTWARE,1277569510,5528.48,1.62,0.52,0.08,1.49,7.15,0.06
44,TITAN,Titan Industries Ltd.,"GEMS, JEWELLERY AND WATCHES",887786160,11642.7,3.41,1.1,0.26,1.48,-1.76,0.07
45,TORNTPOWER,Torrent Power Ltd.,POWER,4724483080,2794.92,0.82,0.77,0.14,1.48,-13.02,0.12
46,UNIONBANK,Union Bank of India,BANKS,5505490350,5741.63,1.68,1.7,0.45,2.55,-7.03,0.08
47,UNIPHOS,United Phosphorus Ltd.,PESTICIDES AND AGROCHEMICALS,915122164,4380.3,1.28,0.79,0.14,1.99,2.23,0.08
49,YESBANK,Yes Bank Ltd.,BANKS,3575596890,13833.95,4.05,1.4,0.47,1.9,12.52,0.05
50,ZEEL,Zee Entertainment Enterprises Ltd.,MEDIA & ENTERTAINMENT,953957720,12431.2,3.64,0.81,0.13,2.44,4.26,0.09
,,,,,341415.31,100,,,,,0.08
,,,,,,,,,,,
* Beta & R2 are calculated for the period 01-Feb-2012 to 31-Jan-2013,,,,,,,,,,,
,,,,,,,,,,,
* Beta measures the degree to which any portfolio of stocks is affected as compared to the effect,,,,,,,,,,,
  on the market as a whole.,,,,,,,,,,,
,,,,,,,,,,,
* The coefficient of determination (R2) measures the strength of relationship between two variables,,,,,,,,,,,
   the return on  a security versus that of the market.,,,,,,,,,,,
,,,,,,,,,,,
* Volatility is the Std. deviation of the daily returns for the period 01-Jan-2013 to 31-Jan-2013,,,,,,,,,,,
,,,,,,,,,,,
* Last day of trading was 31-Jan-2013,,,,,,,,,,,
,,,,,,,,,,,
* Impact Cost for CNX Nifty Junior is for a portfolio of Rs. 25 Lakhs  ,,,,,,,,,,,
,,,,,,,,,,,
* Impact Cost for CNX Nifty Junior is the weightage average impact cost,,,,,,,,,,,
