Annexure II- Nifty Next 50 Index : Oct 2019,,,,,,,,,,,
,,,,,,,,,,,
Sr. No,Security Symbol,Security Name,Industry,Equity Capital (In Rs.),Free Float Market Capitalisation (Rs. Crores),Weightage (%),Beta,R2,Volatility (%),Monthly Return,Avg. Impact Cost (%)
1,ACC,ACC Ltd.,CEMENT AND CEMENT PRODUCTS,1877871730,13250.69,1.75,1.37,0.46,1.87,-2.49,0.02
2,AMBUJACEM,Ambuja Cements Ltd.,CEMENT AND CEMENT PRODUCTS,3971290458,14862.75,1.96,1.58,0.53,2.19,-0.81,0.03
3,ASHOKLEY,Ashok Leyland Ltd.,AUTOMOBILES - 4 WHEELERS,2935527276,11039.78,1.45,1.91,0.38,3.07,11.72,0.04
4,AUROPHARMA,Aurobindo Pharma Ltd.,PHARMACEUTICALS,585938609,13214.56,1.74,0.78,0.10,4.65,-20.23,0.03
5,DMART,Avenue Supermarts Ltd.,MISCELLANEOUS,6240844860,21162.11,2.79,1.03,0.20,1.30,7.20,0.04
6,BAJAJHLDNG,Bajaj Holdings & Investment Ltd.,FINANCE,1112935100,18787.03,2.47,0.62,0.10,1.08,2.13,0.09
7,BANDHANBNK,Bandhan Bank Ltd.,BANKS,11931112090,9497.05,1.25,1.39,0.20,4.83,24.48,0.04
8,BANKBARODA,Bank of Baroda,BANKS,7693454712,11590.96,1.53,1.61,0.36,2.22,4.46,0.05
9,BERGEPAINT,Berger Paints India Ltd.,PAINTS,971129711,12793.42,1.69,1.02,0.26,2.24,21.19,0.02
10,BIOCON,Biocon Ltd.,PHARMACEUTICALS,6000000000,10926.84,1.44,0.62,0.09,2.08,10.38,0.04
11,BOSCHLTD,Bosch Ltd.,AUTO ANCILLARIES,294936400,13090.90,1.72,1.00,0.28,2.54,8.83,0.05
12,CADILAHC,Cadila Healthcare Ltd.,PHARMACEUTICALS,1023742595,6443.18,0.85,0.79,0.16,1.31,7.91,0.05
13,COLPAL,Colgate Palmolive (India) Ltd.,PERSONAL CARE,271985634,20646.65,2.72,0.76,0.21,1.48,3.01,0.02
14,CONCOR,Container Corporation of India Ltd.,TRAVEL AND TRANSPORT,3046471740,16131.52,2.12,0.82,0.18,2.61,-2.71,0.04
15,DLF,DLF Ltd.,CONSTRUCTION,4950630072,11343.13,1.49,1.78,0.31,3.11,17.80,0.04
16,DABUR,Dabur India Ltd.,PERSONAL CARE,1767055672,26121.32,3.44,0.54,0.12,1.33,3.29,0.03
17,DIVISLAB,Divi's Laboratories Ltd.,PHARMACEUTICALS,530937160,22363.71,2.95,0.58,0.09,0.99,5.38,0.03
18,GICRE,General Insurance Corporation of India,FINANCE,8772000000,7642.34,1.01,0.84,0.08,6.20,41.50,0.17
19,GODREJCP,Godrej Consumer Products Ltd.,PERSONAL CARE,1022310383,28004.10,3.69,0.60,0.12,1.46,7.72,0.04
20,HDFCAMC,HDFC Asset Management Company Ltd.,FINANCE,1063049150,10822.50,1.43,0.77,0.12,2.49,6.87,0.03
21,HDFCLIFE,HDFC Life Insurance Company Ltd.,FINANCE,20176545190,31586.38,4.16,0.58,0.09,1.48,4.17,0.02
22,HAVELLS,Havells India Ltd.,ELECTRICAL EQUIPMENT,625802834,17318.47,2.28,1.10,0.33,1.53,-3.68,0.03
23,HINDPETRO,Hindustan Petroleum Corporation Ltd.,REFINERIES,15238226250,24285.54,3.20,1.54,0.29,2.05,7.81,0.03
24,HINDZINC,Hindustan Zinc Ltd.,METALS,8450638000,5391.08,0.71,0.91,0.30,1.56,-0.37,0.06
25,ICICIGI,ICICI Lombard General Insurance Company Ltd.,FINANCE,4544164440,21356.66,2.81,0.62,0.07,2.08,10.99,0.04
26,ICICIPRULI,ICICI Prudential Life Insurance Company Ltd.,FINANCE,14358394810,18323.11,2.41,0.74,0.10,1.50,10.13,0.03
27,IBULHSGFIN,Indiabulls Housing Finance Ltd.,FINANCE - HOUSING,855148182,6891.94,0.91,2.19,0.16,8.65,-19.25,0.09
28,INDIGO,InterGlobe Aviation Ltd.,TRAVEL AND TRANSPORT,3846568030,14009.68,1.85,0.69,0.06,3.28,-22.90,0.03
29,L&TFH,L&T Finance Holdings Ltd.,FINANCE,20004804600,5928.62,0.78,1.75,0.39,2.04,12.80,0.06
30,LUPIN,Lupin Ltd.,PHARMACEUTICALS,905295096,17875.19,2.35,0.45,0.07,1.46,4.11,0.03
31,MARICO,Marico Ltd.,PERSONAL CARE,1290944398,18891.68,2.49,0.41,0.08,1.64,-7.20,0.03
32,MOTHERSUMI,Motherson Sumi Systems Ltd.,AUTO ANCILLARIES,3157934237,14754.18,1.94,1.73,0.29,3.59,17.15,0.04
33,NHPC,NHPC Ltd.,POWER,1.0045E+11,5429.34,0.72,0.33,0.04,1.74,5.38,0.11
34,NMDC,NMDC Ltd.,MINING,3061849659,9653.40,1.27,1.18,0.20,3.09,26.94,0.05
35,OFSS,Oracle Financial Services Software Ltd.,COMPUTERS - SOFTWARE,429170720,7278.18,0.96,0.52,0.09,1.12,-1.04,0.07
36,PAGEIND,Page Industries Ltd.,TEXTILE PRODUCTS,111538740,14935.56,1.97,1.17,0.18,2.17,14.36,0.04
37,PETRONET,Petronet LNG Ltd.,GAS,15000000880,21480.00,2.83,0.48,0.07,1.14,10.20,0.02
38,PIDILITIND,Pidilite Industries Ltd.,CHEMICALS - SPECIALITY,507979930,21359.54,2.81,0.96,0.29,1.55,-2.92,0.03
39,PEL,Piramal Enterprises Ltd.,PHARMACEUTICALS,397693260,17749.57,2.34,1.25,0.17,4.22,3.17,0.04
40,PFC,Power Finance Corporation Ltd.,FINANCIAL INSTITUTION,26400814080,11814.76,1.56,1.17,0.18,1.80,9.81,0.05
41,PGHH,Procter & Gamble Hygiene & Health Care Ltd.,PERSONAL CARE,324607360,11524.43,1.52,0.54,0.14,1.57,0.96,0.13
42,PNB,Punjab National Bank,BANKS,9208094056,6920.11,0.91,1.58,0.32,2.14,5.49,0.05
43,SBILIFE,SBI Life Insurance Company Ltd.,FINANCE,10000000000,36685.50,4.83,0.42,0.05,2.20,17.14,0.04
44,SHREECEM,Shree Cement Ltd.,CEMENT AND CEMENT PRODUCTS,348372250,24267.85,3.20,1.14,0.38,1.89,5.37,0.05
45,SRTRANSFIN,Shriram Transport Finance Co. Ltd.,FINANCE,2268827360,19117.16,2.52,1.54,0.32,2.75,6.32,0.04
46,SIEMENS,Siemens Ltd.,ELECTRICAL EQUIPMENT,712240510,14744.27,1.94,1.34,0.38,1.39,9.24,0.02
47,NIACL,The New India Assurance Company Ltd.,FINANCE,8240000000,4148.02,0.55,0.80,0.07,7.28,53.45,0.49
48,UBL,United Breweries Ltd.,BREW/DISTILLERIES,264405149,14171.67,1.87,0.66,0.15,1.60,-5.27,0.04
49,MCDOWELL-N,United Spirits Ltd.,BREW/DISTILLERIES,1453277430,18618.63,2.45,0.86,0.17,1.84,-6.30,0.03
50,IDEA,Vodafone Idea Ltd.,TELECOMMUNICATION - SERVICES,2.87354E+11,2913.77,0.38,1.50,0.08,7.69,-36.59,0.48
,,,,,759158.84,,,,,,0.04
,,,,,,,,,,,
* Beta & R2 are calculated for the period 01-Nov-2018 to 31-Oct-2019,,,,,,,,,,,
,,,,,,,,,,,
* Beta measures the  degree to which any portfolio of stocks is affected as compared to the effect,,,,,,,,,,,
  on the market as a whole.,,,,,,,,,,,
,,,,,,,,,,,
* The coefficient of determination (R2) measures the strength of relationship between two variables,,,,,,,,,,,
   the return on  a security versus that of the market.,,,,,,,,,,,
,,,,,,,,,,,
* Volatility is the Std. deviation of the daily returns for the period 01-Nov-2018 to 31-Oct-2019,,,,,,,,,,,
,,,,,,,,,,,
* Last day of trading was 31-Oct-2019,,,,,,,,,,,
,,,,,,,,,,,
* Impact Cost for Nifty Next 50 is for a portfolio of Rs. 25 Lakhs  ,,,,,,,,,,,
,,,,,,,,,,,
* Impact Cost for Nifty Next 50 is the weightage average impact cost,,,,,,,,,,,
