CNX NIFTY JUNIOR INDEX : January 2010,,,,,,,,,,,,,
,,,,,,,,,,,,,
Sr.no.,Security Symbol,Security Name,Industry,Equity Capital,Free Float Market Capitalisation for January 2010,Weightage,Beta,R2,Volatility,Monthly return,Avg. Impact Cost for January 2010,,
,,,,(In Rs.),(Rs. crores),%,,,%,,%,,
,,,,,,,,,,,,,
1,ABIRLANUVO,Aditya Birla Nuvo Ltd.,TEXTILES - SYNTHETIC," 1,030,067,680 "," 5,103 ",1.73%,1.11 ,0.45 ,2.30 , (3.21),0.11,,
2,ADANIENT,Adani Enterprises Ltd.,TRADING," 496,031,350 "," 5,565 ",1.88%,1.04 ,0.08 ,3.45 , 1.66 ,0.12,,
3,ANDHRABANK,Andhra Bank,BANKS," 4,850,000,000 "," 2,495 ",0.84%,0.93 ,0.48 ,2.16 , 1.77 ,0.09,,
4,ASHOKLEY,Ashok Leyland Ltd.,AUTOMOBILES - 4 WHEELERS," 1,330,338,317 "," 3,277 ",1.11%,1.06 ,0.40 ,2.50 , 1.31 ,0.10,,
5,ASIANPAINT,Asian Paints Ltd.,PAINTS," 959,197,790 "," 8,893 ",3.01%,0.34 ,0.14 ,1.41 , 3.06 ,0.13,,
6,BAJAJ-AUTO,Bajaj Auto Ltd.,AUTOMOBILES - 2 AND 3 WHEELERS," 1,446,835,100 "," 12,740 ",4.31%,0.54 ,0.19 ,1.93 , (0.40),0.08,,
7,BANKBARODA,Bank of Baroda,BANKS," 3,642,664,000 "," 9,684 ",3.27%,0.91 ,0.45 ,2.17 , 11.98 ,0.09,,
8,BANKINDIA,Bank of India,BANKS," 5,251,728,000 "," 6,806 ",2.30%,1.07 ,0.49 ,1.43 , (5.22),0.09,,
9,BEL,Bharat Electronics Ltd.,ELECTRONICS - INDUSTRIAL," 800,000,000 "," 3,751 ",1.27%,0.57 ,0.25 ,1.88 , 0.07 ,0.11,,
10,BHARATFORG,Bharat Forge Ltd.,CASTINGS/FORGINGS," 445,304,542 "," 3,333 ",1.13%,1.03 ,0.30 ,2.77 , (1.84),0.10,,
11,BIOCON,Biocon Ltd.,PHARMACEUTICALS," 1,000,000,000 "," 2,101 ",0.71%,0.80 ,0.28 ,2.13 , (2.61),0.09,,
12,CANBK,Canara Bank,BANKS," 4,100,000,000 "," 4,294 ",1.45%,0.90 ,0.44 ,2.06 , 0.42 ,0.08
13,COLPAL,Colgate Palmolive (India) Ltd.,PERSONAL CARE," 135,992,817 "," 4,525 ",1.53%,0.30 ,0.13 ,1.90 , 3.04 ,0.09
14,CONCOR,Container Corporation of India Ltd.,TRAVEL AND TRANSPORT," 1,299,827,940 "," 5,862 ",1.98%,0.31 ,0.13 ,1.54 , (6.62),0.17
15,CORPBANK,Corporation Bank,BANKS," 1,434,400,000 "," 2,613 ",0.88%,0.74 ,0.45 ,2.02 , 0.93 ,0.14
16,CROMPGREAV,Crompton Greaves Ltd.,ELECTRICAL EQUIPMENT," 733,133,184 "," 9,397 ",3.18%,1.01 ,0.37 ,2.91 , 1.56 ,0.11
17,CUMMINSIND,Cummins India Ltd.,DIESEL ENGINES," 396,000,000 "," 4,369 ",1.48%,0.69 ,0.31 ,1.70 , 4.55 ,0.16
18,DRREDDY,Dr. Reddy's Laboratories Ltd.,PHARMACEUTICALS," 844,008,505 "," 14,025 ",4.74%,0.53 ,0.21 ,2.45 , (2.35),0.08
19,FEDERALBNK,Federal Bank Ltd.,BANKS," 1,712,115,340 "," 4,367 ",1.48%,0.86 ,0.40 ,1.98 , 8.26 ,0.11
20,GLAXO,Glaxosmithkline Pharmaceuticals Ltd.,PHARMACEUTICALS," 847,030,170 "," 6,353 ",2.15%,(0.00),0.00 ,1.00 , (5.68),0.13
21,GLENMARK,Glenmark Pharmaceuticals Ltd.,PHARMACEUTICALS," 269,705,253 "," 3,371 ",1.14%,0.92 ,0.27 ,1.94 , (12.18),0.09
22,GMRINFRA,GMR Infrastructure Ltd.,CONSTRUCTION," 7,334,708,784 "," 5,628 ",1.90%,1.20 ,0.53 ,2.01 , (9.98),0.10
23,HDIL,Housing Development and Infrastructure Ltd.,CONSTRUCTION," 3,458,426,760 "," 5,905 ",2.00%,1.95 ,0.64 ,3.16 , (8.38),0.06
24,HINDPETRO,Hindustan Petroleum Corporation Ltd.,REFINERIES," 3,386,272,500 "," 5,524 ",1.87%,0.41 ,0.10 ,1.70 , (14.50),0.09
25,IBREALEST,Indiabulls Real Estate Ltd.,CONSTRUCTION," 802,950,478 "," 5,856 ",1.98%,1.64 ,0.55 ,3.16 , (23.08),0.08
26,IDBI,IDBI Bank Ltd.,BANKS," 7,247,683,120 "," 4,157 ",1.41%,1.40 ,0.61 ,2.54 , (4.87),0.08
27,IFCI,IFCI Ltd.,FINANCIAL INSTITUTION," 7,378,373,310 "," 3,408 ",1.15%,1.64 ,0.62 ,3.27 , (4.96),0.09
28,INDHOTEL,Indian Hotels Co. Ltd.,HOTELS," 723,472,787 "," 4,749 ",1.61%,0.94 ,0.36 ,2.42 , (9.21),0.10
29,IOB,Indian Overseas Bank ,BANKS," 5,448,000,000 "," 1,942 ",0.66%,1.18 ,0.53 ,2.28 , (16.67),0.09
30,JSWSTEEL,JSW Steel Ltd.,STEEL AND STEEL PRODUCTS," 1,870,486,820 "," 10,136 ",3.43%,1.60 ,0.53 ,3.86 , (2.73),0.07
31,KOTAKBANK,Kotak Mahindra Bank Ltd.,BANKS," 3,475,370,870 "," 12,512 ",4.23%,1.43 ,0.66 ,2.23 , (3.48),0.09
32,LICHSGFIN,LIC Housing Finance Ltd.,FINANCE - HOUSING," 949,326,000 "," 4,639 ",1.57%,1.02 ,0.40 ,2.25 , (4.07),0.07
33,LUPIN,Lupin Ltd.,PHARMACEUTICALS," 888,752,670 "," 6,491 ",2.20%,0.26 ,0.06 ,1.21 , (3.49),0.08
34,MCDOWELL-N,United Spirits Ltd.,BREW/DISTILLERIES," 1,255,943,290 "," 10,560 ",3.57%,1.05 ,0.38 ,2.94 , (2.01),0.09
35,MOSERBAER,Moser Baer India Ltd.,COMPUTERS - HARDWARE," 1,683,061,040 "," 1,107 ",0.37%,1.13 ,0.44 ,2.94 , (8.18),0.10
36,MPHASIS,Mphasis  Ltd.,COMPUTERS - SOFTWARE," 2,096,093,470 "," 5,596 ",1.89%,0.61 ,0.17 ,2.19 , (6.30),0.07
37,MRPL,Mangalore Refinery & Petrochemicals Ltd.,REFINERIES," 17,529,023,270 "," 1,562 ",0.53%,0.98 ,0.31 ,2.35 , (0.19),0.09
38,MUNDRAPORT,Mundra Port and Special Economic Zone Ltd.,TRAVEL AND TRANSPORT," 4,006,788,200 "," 4,521 ",1.53%,0.81 ,0.35 ,2.27 , 7.54 ,0.12
39,OFSS,Oracle Financial Services Software Ltd.,COMPUTERS - SOFTWARE," 419,063,025 "," 3,522 ",1.19%,0.80 ,0.30 ,2.05 , (6.77),0.08
40,PATNI,Patni Computer Systems Ltd.,COMPUTERS - SOFTWARE," 258,252,064 "," 3,091 ",1.05%,0.73 ,0.17 ,2.11 , (4.45),0.08
41,PFC,Power Finance Corporation Ltd.,FINANCIAL INSTITUTION," 11,477,667,000 "," 27,793 ",9.40%,0.87 ,0.44 ,2.52 , (7.38),0.09
42,RNRL,Reliance Natural Resources Ltd.,GAS," 8,165,652,110 "," 4,739 ",1.60%,1.37 ,0.52 ,2.30 , (7.42),0.08
43,SESAGOA,Sesa Goa Ltd.,MINING," 820,514,400 "," 12,201 ",4.13%,1.19 ,0.42 ,2.04 , (15.59),0.07
44,SYNDIBANK,Syndicate Bank,BANKS," 5,219,682,820 "," 1,501 ",0.51%,1.03 ,0.49 ,1.74 , (10.34),0.10
45,TECHM,Tech Mahindra Ltd.,COMPUTERS - SOFTWARE," 1,222,348,990 "," 2,004 ",0.68%,0.97 ,0.25 ,3.92 , (1.89),0.08
46,TTML,Tata Teleservices (Maharashtra) Ltd.,TELECOMMUNICATION - SERVICES," 18,971,968,540 "," 1,069 ",0.36%,0.95 ,0.34 ,2.95 , (5.42),0.13
47,ULTRACEMCO,UltraTech Cement Ltd.,CEMENT AND CEMENT PRODUCTS," 1,244,858,790 "," 5,235 ",1.77%,0.62 ,0.25 ,2.43 , 1.73 ,0.11
48,UNIONBANK,Union Bank of India,BANKS," 5,051,179,000 "," 5,738 ",1.94%,0.78 ,0.37 ,1.52 , (3.50),0.11
49,UNIPHOS,United Phosphorous Ltd.,PESTICIDES AND AGROCHEMICALS," 879,127,136 "," 4,920 ",1.66%,0.97 ,0.36 ,1.99 , (10.54),0.11
50,ZEEL,Zee Entertainment Enterprises Ltd.,MEDIA & ENTERTAINMENT," 434,007,111 "," 6,655 ",2.25%,0.76 ,0.20 ,2.64 , 1.94 ,0.10
,,,,," 295,688 ",100.00%,,,,,0.09
,,,,,,,,,,,
* Beta & R2 are calculated for the period 01-February-2009 to 31-January 2010,,,,,,,,,,,
,,,,,,,,,,,
* Beta measures the  degree to which any portfolio of stocks is affected as compared to the effect on the market as a whole.,,,,,,,,,,,
  ,,,,,,,,,,,
"* The coefficient of determination (R2) measures the strength of relationship between two variables, ",,,,,,,,,,,
the return on  a security versus that of the market.,,,,,,,,,,,
   ,,,,,,,,,,,
* Volatility is the Std. deviation of the daily returns for the period 01-January 2010 to 31-January 2010,,,,,,,,,
,,,,,,,,,
* Last day of trading was 29-January 2010,,,,,,,,,
,,,,,,,,,
* Impact Cost for CNX Nifty Junior is for a portfolio of Rs. 25 lakhs  ,,,,,,,,,
,,,,,,,,,
* Impact Cost for CNX Nifty Junior is the weightage average impact cost,,,,,,,,,
,,,,,,,,,
,,,,,,,,,
,,,,,,,,,
,,,,,,,,,
,,,,,,,,,
,,,,,,,,,
,,,,,,,,,
,,,,,,,,,
,,,,,,,,,
,,,,,,,,,
,,,,,,,,,
,,,,,,,,,
,,,,,,,,,
,,,,,,,,,
,,,,,,,,,
,,,,,,,,,
,,,,,,,,,
,,,,,,,,,
,,,,,,,,,
,,,,,,,,,
,,,,,,,,,
,,,,,,,,,
,,,,,,,,,
,,,,,,,,,
,,,,,,,,,
,,,,,,,,,
,,,,,,,,,
,,,,,,,,,
,,,,,,,,,
,,,,,,,,,
,,,,,,,,,
,,,,,,,,,
,,,,,,,,,
,,,,,,,,,
,,,,,,,,,
,,,,,,,,,
,,,,,,,,,
,,,,,,,,,
,,,,,,,,,
,,,,,,,,,
,,,,,,,,,
,,,,,,,,,
,,,,,,,,,
,,,,,,,,,
,,,,,,,,,
,,,,,,,,,
,,,,,,,,,
,,,,,,,,,
,,,,,,,,,
,,,,,,,,,
,,,,,,,,,
,,,,,,,,,
,,,,,,,,,
,,,,,,,,,
,,,,,,,,,
,,,,,,,,,
,,,,,,,,,
,,,,,,,,,
,,,,,,,,,
,,,,,,,,,
,,,,,,,,,
,,,,,,,,,
,,,,,,,,,
,,,,,,,,,
,,,,,,,,,
,,,,,,,,,
,,,,,,,,,
,,,,,,,,,
,,,,,,,,,
,,,,,,,,,
,,,,,,,,,
,,,,,,,,,
,,,,,,,,,
,,,,,,,,,
,,,,,,,,,
,,,,,,,,,
,,,,,,,,,
,,,,,,,,,
,,,,,,,,,
,,,,,,,,,
,,,,,,,,,
,,,,,,,,,
,,,,,,,,,
,,,,,,,,,
,,,,,,,,,
,,,,,,,,,
,,,,,,,,,
,,,,,,,,,
,,,,,,,,,
,,,,,,,,,
,,,,,,,,,
,,,,,,,,,
,,,,,,,,,
,,,,,,,,,
,,,,,,,,,
,,,,,,,,,
,,,,,,,,,
,,,,,,,,,
,,,,,,,,,
,,,,,,,,,
,,,,,,,,,
,,,,,,,,,
,,,,,,,,,
,,,,,,,,,
,,,,,,,,,
,,,,,,,,,
,,,,,,,,,
,,,,,,,,,
,,,,,,,,,
,,,,,,,,,
,,,,,,,,,
,,,,,,,,,
,,,,,,,,,
,,,,,,,,,
,,,,,,,,,
,,,,,,,,,
,,,,,,,,,
,,,,,,,,,
,,,,,,,,,
,,,,,,,,,
,,,,,,,,,
,,,,,,,,,
,,,,,,,,,
,,,,,,,,,
,,,,,,,,,
,,,,,,,,,
,,,,,,,,,
,,,,,,,,,
,,,,,,,,,
,,,,,,,,,
,,,,,,,,,
,,,,,,,,,
,,,,,,,,,
,,,,,,,,,
,,,,,,,,,
,,,,,,,,,
,,,,,,,,,
,,,,,,,,,
,,,,,,,,,
,,,,,,,,,
,,,,,,,,,
,,,,,,,,,
,,,,,,,,,
,,,,,,,,,
,,,,,,,,,
,,,,,,,,,
,,,,,,,,,
,,,,,,,,,
,,,,,,,,,
,,,,,,,,,
,,,,,,,,,
,,,,,,,,,
,,,,,,,,,
,,,,,,,,,
,,,,,,,,,
,,,,,,,,,
,,,,,,,,,
,,,,,,,,,
,,,,,,,,,
,,,,,,,,,
,,,,,,,,,
,,,,,,,,,
,,,,,,,,,
,,,,,,,,,
,,,,,,,,,
,,,,,,,,,
,,,,,,,,,
,,,,,,,,,
,,,,,,,,,
,,,,,,,,,
,,,,,,,,,
,,,,,,,,,
,,,,,,,,,
,,,,,,,,,
,,,,,,,,,
,,,,,,,,,
,,,,,,,,,
,,,,,,,,,
,,,,,,,,,
,,,,,,,,,
,,,,,,,,,
,,,,,,,,,
,,,,,,,,,
,,,,,,,,,
,,,,,,,,,
,,,,,,,,,
,,,,,,,,,
,,,,,,,,,
,,,,,,,,,
,,,,,,,,,
,,,,,,,,,
,,,,,,,,,
,,,,,,,,,
,,,,,,,,,
,,,,,,,,,
,,,,,,,,,
,,,,,,,,,
,,,,,,,,,
,,,,,,,,,
,,,,,,,,,
,,,,,,,,,
,,,,,,,,,
,,,,,,,,,
,,,,,,,,,
,,,,,,,,,
,,,,,,,,,
,,,,,,,,,
,,,,,,,,,
,,,,,,,,,
,,,,,,,,,
,,,,,,,,,
,,,,,,,,,
,,,,,,,,,
,,,,,,,,,
,,,,,,,,,
,,,,,,,,,
,,,,,,,,,
,,,,,,,,,
,,,,,,,,,
,,,,,,,,,
,,,,,,,,,
,,,,,,,,,
,,,,,,,,,
,,,,,,,,,
,,,,,,,,,
,,,,,,,,,
,,,,,,,,,
,,,,,,,,,
