Annexure II-  CNX Nifty Jr. Index : Dec. 2011,,,,,,,,,,,
,,,,,,,,,,,
Sr. No,Security Symbol,Security Name,Industry,Equity Capital,Free Float Market Capitalisation for Dec. 2011,Weightage,Beta,R2,Volatility,Monthly Return,Avg. Impact Cost Dec. 2011
,,,,(In Rs.),(Rs. Crores),%,,,%,,%
1,ADANIENT,Adani Enterprises Ltd.,TRADING,1099810083,7001.791,2.828657631,1.292945062,0.296482148,3.113159937,-2.587923026,0.18
2,ABIRLANUVO,Aditya Birla Nuvo Ltd.,DIVERSIFIED,1135098730,4007.1812,1.618863471,0.865734165,0.325236082,1.873383201,-17.48146496,0.15
3,ANDHRABANK,Andhra Bank,BANKS,5595803640,1878.827,0.759028416,1.134483354,0.503910449,1.988061529,-19.72891566,0.13
4,ASHOKLEY,Ashok Leyland Ltd.,AUTOMOBILES - 4 WHEELERS,2660676634,2973.6666,1.201333305,1.14828682,0.290660347,3.562926343,-7.505070994,0.14
5,ASIANPAINT,Asian Paints Ltd.,PAINTS,959197790,11742.1359,4.743712333,0.526883547,0.187656101,1.578594955,-9.967527393,0.11
6,BANKBARODA,Bank of Baroda,BANKS,3915460790,11195.614,4.522922632,1.050036588,0.424880738,2.338723963,-4.963576632,0.13
7,BANKINDIA,Bank of India,BANKS,5464803700,4969.9771,2.007823948,1.155108057,0.383351295,2.627969459,-18.60962567,0.13
8,BEL,Bharat Electronics Ltd.,ELECTRONICS - INDUSTRIAL,800000000,2607.4833,1.0533987,0.414853995,0.146157823,1.386155275,-10.34757494,0.15
9,BHARATFORG,Bharat Forge Ltd.,CASTINGS/FORGINGS,465588632,3400.6324,1.373823467,1.191482658,0.456433142,2.160908383,-2.814186584,0.15
10,BIOCON,Biocon Ltd.,PHARMACEUTICALS,1000000000,1899.4729,0.767369165,1.06245822,0.417688897,3.134754066,-14.05931273,0.11
11,BOSCHLTD,Bosch Ltd.,AUTO ANCILLARIES,313989000,6131.5636,2.477093956,0.294101518,0.093992191,1.165566724,-2.92488986,0.12
12,CANBK,Canara Bank,BANKS,4430000000,5212.3484,2.105739671,1.24160106,0.454288826,2.368274027,-15.44885177,0.12
13,COLPAL,Colgate Palmolive (India) Ltd.,PERSONAL CARE,135992817,6600.6766,2.666611191,0.368195099,0.096165195,1.211183299,-1.088421788,0.12
14,CONCOR,Container Corporation of India Ltd.,TRAVEL AND TRANSPORT,1299827940,4025.7752,1.626375272,0.494401794,0.111104989,2.056765504,-7.072049621,0.2
15,CROMPGREAV,Crompton Greaves Ltd.,ELECTRICAL EQUIPMENT,1282983072,4716.6556,1.905484448,1.26006867,0.278027034,3.284676074,-0.355590676,0.14
16,CUMMINSIND,Cummins India Ltd.,DIESEL ENGINES,554400000,4757.3563,1.921927147,0.596612952,0.185066509,1.524317547,-1.863267022,0.16
17,DABUR,Dabur India Ltd.,PERSONAL CARE,1742047322,5423.0865,2.190875879,0.371918398,0.082011786,1.473190003,4.354669465,0.1
18,EXIDEIND,Exide Industries Ltd.,AUTO ANCILLARIES,850000000,4822.2683,1.948150984,0.698979204,0.134821106,2.386585685,-9.750859107,0.16
19,FEDERALBNK,Federal Bank Ltd.,BANKS,1712115340,5766.4045,2.329573118,1.220340398,0.47155411,2.63478776,-5.93492529,0.13
20,GMRINFRA,GMR Infrastructure Ltd.,CONSTRUCTION,3892434782,2336.4476,0.943902829,1.371236441,0.380992882,3.129896627,1.941747573,0.18
21,GLAXO,Glaxosmithkline Pharmaceuticals Ltd.,PHARMACEUTICALS,847030170,8127.911,3.283599507,0.192064626,0.039221711,1.004653264,1.463147462,0.15
22,GLENMARK,Glenmark Pharmaceuticals Ltd.,PHARMACEUTICALS,270412753,4104.389,1.658134507,0.669874479,0.110355437,2.559548392,-6.80952381,0.12
23,HINDPETRO,Hindustan Petroleum Corporation Ltd.,REFINERIES,3386272500,4187.5989,1.691750523,0.699117513,0.157452101,3.004276139,-8.517179024,0.11
24,HDIL,Housing Development and Infrastructure Ltd.,CONSTRUCTION,4190039860,1359.7162,0.549312541,2.082943286,0.538828873,2.839436854,-11.45228216,0.11
25,IDBI,IDBI Bank Ltd.,BANKS,9845703710,2676.1156,1.081125503,1.397165901,0.616752463,2.225389347,-16.13770845,0.1
26,IFCI,IFCI Ltd.,FINANCIAL INSTITUTION,7378373310,1476.8486,0.596632928,1.765542173,0.510805278,4.290058026,-5.206073753,0.14
27,IDEA,Idea Cellular Ltd.,TELECOMMUNICATION - SERVICES,33063113060,6544.8302,2.644049771,0.619328033,0.116319352,2.992257776,-15.97753956,0.09
28,INDHOTEL,Indian Hotels Co. Ltd.,HOTELS,759472787,2741.4514,1.107520551,0.931179505,0.328573941,1.936016394,-8.808724832,0.14
29,IOB,Indian Overseas Bank ,BANKS,6187493430,1549.1534,0.625843386,1.140176887,0.448889714,1.995646071,-20.91644205,0.11
30,INDUSINDBK,IndusInd Bank Ltd.,BANKS,4667204820,7792.5684,3.148124254,1.349882317,0.520099188,2.775422699,-9.278971681,0.16
31,JSWSTEEL,JSW Steel Ltd.,STEEL AND STEEL PRODUCTS,2231172000,5375.8036,2.171774033,1.824312821,0.501796274,3.563754145,-14.49043244,0.09
32,LICHSGFIN,LIC Housing Finance Ltd.,FINANCE - HOUSING,949326000,6667.5194,2.693615052,1.285241201,0.391480598,1.843316896,-0.917636526,0.1
33,LUPIN,Lupin Ltd.,PHARMACEUTICALS,893173054,10611.6804,4.287018956,0.723906277,0.222278579,2.081952244,-5.586592179,0.12
34,MPHASIS,MphasiS Ltd.,COMPUTERS - SOFTWARE,2100358200,2205.4002,0.890960913,0.981722981,0.148730908,1.924095166,-7.40455665,0.11
35,MUNDRAPORT,Mundra Port and Special Economic Zone Ltd.,SHIPPING,4006788200,5412.5242,2.186608809,0.983713556,0.220384594,2.289669625,-4.532803181,0.16
36,OFSS,Oracle Financial Services Software Ltd.,COMPUTERS - SOFTWARE,419686010,3056.4119,1.234761627,0.660450328,0.208581643,1.445104406,-8.57881137,0.14
37,PFC,Power Finance Corporation Ltd.,FINANCIAL INSTITUTION,13199317050,4792.0109,1.935927279,1.38204188,0.368332042,3.790452094,-14.64318814,0.1
38,RELCAPITAL,Reliance Capital Ltd.,FINANCE,2456328000,2647.2901,1.069480272,1.679467024,0.418825726,3.046124713,-16.57791977,0.09
39,RECLTD,Rural Electrification Corporation Ltd.,FINANCIAL INSTITUTION,9874590000,5040.7274,2.036406403,1.532061586,0.472325808,3.276752118,-16.14398691,0.13
40,SRTRANSFIN,Shriram Transport Finance Co. Ltd.,FINANCE,2262216680,5575.4466,2.252427925,0.848536508,0.182808029,2.701360106,-15.82158216,0.14
41,TATACHEM,Tata Chemicals Ltd.,CHEMICALS - INORGANIC,2547562780,5488.153,2.217162132,0.832257085,0.382391246,1.401916814,-9.680681982,0.11
42,TECHM,Tech Mahindra Ltd.,COMPUTERS - SOFTWARE,1273073060,2119.3718,0.85620625,1.083249005,0.314573879,1.670019997,1.476961174,0.14
43,TITAN,Titan Industries Ltd.,"GEMS, JEWELLERY AND WATCHES",887786160,7077.3124,2.859167566,1.103453403,0.295252629,2.956359316,-3.743315508,0.1
44,TORNTPOWER,Torrent Power Ltd.,POWER,4724483080,3333.7656,1.34680991,0.699642465,0.187784887,1.033363958,-1.524237881,0.25
45,ULTRACEMCO,UltraTech Cement Ltd.,CEMENT AND CEMENT PRODUCTS,2740580000,11397.3802,4.604434277,0.687708112,0.261071205,1.710229846,1.549577784,0.12
46,UNIONBANK,Union Bank of India,BANKS,5243324150,3823.628,1.544709707,1.277789378,0.418226799,3.12277456,-19.76854039,0.13
47,UNIPHOS,United Phosphorus Ltd.,PESTICIDES AND AGROCHEMICALS,923608548,4304.4462,1.738955732,0.987348509,0.269702066,1.790419422,-7.67551837,0.13
48,MCDOWELL-N,United Spirits Ltd.,BREW/DISTILLERIES,1307949680,4337.9605,1.752495193,1.261661307,0.315249254,2.499236813,-29.69341814,0.13
49,YESBANK,Yes Bank Ltd.,BANKS,3517623190,5793.2273,2.340409277,1.643925632,0.58946434,2.519342276,-12.27038942,0.09
50,ZEEL,Zee Entertainment Enterprises Ltd.,MEDIA & ENTERTAINMENT,964105209,6440.5156,2.601907655,0.640184741,0.163430103,1.082796734,-5.493183641,0.13
,,,,,247530.522,,,,,,0.13
,,,,,,,,,,,
* Beta & R2 are calculated for the period 01-Jan-2011 to 30-Dec-2011,,,,,,,,,,,
,,,,,,,,,,,
* Beta measures the degree to which any portfolio of stocks is affected as compared to the effect,,,,,,,,,,,
  on the market as a whole.,,,,,,,,,,,
,,,,,,,,,,,
* The coefficient of determination (R2) measures the strength of relationship between two variables,,,,,,,,,,,
   the return on  a security versus that of the market.,,,,,,,,,,,
,,,,,,,,,,,
* Volatility is the Std. deviation of the daily returns for the period 01-Dec-2011 to 30-Dec-2011,,,,,,,,,,,
,,,,,,,,,,,
* Last day of trading was 30-Dec-2011,,,,,,,,,,,
,,,,,,,,,,,
* Impact Cost for CNX Nifty Junior is for a portfolio of Rs. 25 Lakhs  ,,,,,,,,,,,
,,,,,,,,,,,
* Impact Cost for CNX Nifty Junior is the weightage average impact cost,,,,,,,,,,,
