Annexure II- Nifty Next 50 Index : June 2021,,,,,,,,,,,
,,,,,,,,,,,
Sr. No,Security Symbol,Security Name,Industry,Equity Capital (In Rs.),Free Float Market Capitalisation (Rs. Crores),Weightage (%),Beta,R2,Volatility (%),Monthly Return,Avg. Impact Cost (%)
1,ACC,ACC Ltd.,CEMENT,1877872630,18046.16,1.57,0.93,0.33,1.02,1.45,0.03
2,ABBOTINDIA,Abbott India Ltd.,PHARMACEUTICALS,212493020,6762.85,0.59,0.15,0.02,0.86,4.87,0.05
3,ADANIENT,Adani Enterprises Ltd.,TRADING - MINERALS/ MINING,1099810083,43934.30,3.81,1.40,0.18,4.42,14.53,0.03
4,ADANIGREEN,Adani Green Energy Ltd.,POWER,15640142800,37309.42,3.24,0.53,0.03,2.47,-11.30,0.51
5,ADANITRANS,Adani Transmission Ltd.,POWER - TRANSMISSION,10998100830,22061.95,1.92,1.00,0.10,3.47,-28.10,1.84
6,ALKEM,Alkem Laboratories Ltd.,PHARMACEUTICALS,239130000,15001.75,1.30,0.21,0.02,1.37,7.03,0.04
7,AMBUJACEM,Ambuja Cements Ltd.,CEMENT,3971290458,26526.87,2.30,0.98,0.29,1.19,4.24,0.03
8,APOLLOHOSP,Apollo Hospitals Enterprise Ltd.,HOSPITAL,718923285,38616.73,3.35,0.64,0.09,2.18,14.24,0.02
9,AUROPHARMA,Aurobindo Pharma Ltd.,PHARMACEUTICALS,585938609,28772.99,2.50,0.68,0.12,1.53,-3.28,0.02
10,DMART,Avenue Supermarts Ltd.,DIVERSIFIED RETAIL,6477746910,37734.35,3.28,0.67,0.12,1.53,8.95,0.05
11,BAJAJHLDNG,Bajaj Holdings & Investment Ltd.,HOLDING COMPANIES,1112935100,13709.02,1.19,0.59,0.13,0.92,1.80,0.04
12,BANDHANBNK,Bandhan Bank Ltd.,PRIVATE SECTOR BANK,16106691450,23679.51,2.06,1.42,0.31,2.32,7.43,0.03
13,BERGEPAINT,Berger Paints India Ltd.,PAINTS,971295037,20721.22,1.80,0.74,0.28,0.91,-0.06,0.03
14,BIOCON,Biocon Ltd.,PHARMACEUTICALS,6000000000,19548.08,1.70,0.83,0.21,1.27,4.19,0.03
15,BOSCHLTD,Bosch Ltd.,AUTO ANCILLARIES,294936400,13621.33,1.18,1.00,0.21,0.99,-1.52,0.04
16,CADILAHC,Cadila Healthcare Ltd.,PHARMACEUTICALS,1023742595,17502.47,1.52,0.60,0.09,1.34,4.35,0.03
17,COLPAL,Colgate Palmolive (India) Ltd.,PERSONAL CARE,271985634,23813.46,2.07,0.33,0.08,0.76,-2.01,0.03
18,DLF,DLF Ltd.,RESIDENTIAL/COMMERCIAL/SEZ Project,4950630072,18437.65,1.60,1.72,0.42,2.15,-2.55,0.04
19,DABUR,Dabur India Ltd.,PERSONAL CARE,1767851627,35168.63,3.05,0.40,0.13,0.93,5.24,0.03
20,GAIL,GAIL (India) Ltd.,GAS TRANSMISSION/MARKETING,44403852250,28172.91,2.45,1.00,0.22,1.45,-6.44,0.03
21,GLAND,Gland Pharma Ltd.,PHARMACEUTICALS,163904723,12752.35,1.11,-0.03,0.00,1.63,8.58,0.04
22,GODREJCP,Godrej Consumer Products Ltd.,PERSONAL CARE,1022486273,34896.15,3.03,0.42,0.05,1.38,1.60,0.04
23,HDFCAMC,HDFC Asset Management Company Ltd.,ASSET MANAGEMENT COMPANIES,1065342070,17130.50,1.49,0.83,0.27,1.09,-2.17,0.03
24,HAVELLS,Havells India Ltd.,CONSUMER ELECTRONICS,626303067,26027.57,2.26,0.82,0.17,1.04,-4.91,0.03
25,HINDPETRO,Hindustan Petroleum Corporation Ltd.,REFINERIES/MARKETING,14185483450,19837.87,1.72,0.74,0.15,1.69,4.83,0.02
26,ICICIGI,ICICI Lombard General Insurance Company Ltd.,GENERAL INSURANCE,4546516040,36246.27,3.15,0.70,0.19,1.15,6.46,0.05
27,ICICIPRULI,ICICI Prudential Life Insurance Company Ltd.,LIFE INSURANCE,14365076960,25188.01,2.19,0.73,0.17,1.46,10.55,0.04
28,IGL,Indraprastha Gas Ltd.,LPG/CNG/PNG/LNG SUPPLIER,1400001600,20691.05,1.80,0.71,0.14,1.39,5.46,0.04
29,INDUSTOWER,Indus Towers Ltd.,TELECOM - INFRASTRUCTURE,26949369500,20450.58,1.78,0.81,0.10,1.32,-1.51,0.04
30,NAUKRI,Info Edge (India) Ltd.,E-RETAIL/ E-COMMERCE,1287841200,40260.36,3.50,0.79,0.10,1.55,13.12,0.04
31,INDIGO,InterGlobe Aviation Ltd.,AIRLINES,3849100000,17511.82,1.52,1.10,0.22,1.09,-2.39,0.03
32,JUBLFOOD,Jubilant Foodworks Ltd.,"HOTELS, RESTAURANTS, RESORTS",1319690400,24989.25,2.17,0.73,0.13,1.36,-1.00,0.04
33,LTI,Larsen & Toubro Infotech Ltd.,COMPUTERS - SOFTWARE,174792808,19611.21,1.70,0.56,0.06,1.54,3.27,0.04
34,LUPIN,Lupin Ltd.,PHARMACEUTICALS,907805596,29300.22,2.54,0.55,0.07,1.17,-5.77,0.03
35,MRF,MRF Ltd.,TYRES & ALLIED,42411430,17639.03,1.53,0.82,0.23,1.05,-4.26,0.03
36,MARICO,Marico Ltd.,PERSONAL CARE,1291386648,29061.73,2.52,0.43,0.09,1.57,11.70,0.03
37,MUTHOOTFIN,Muthoot Finance Ltd.,NBFC,4011958560,17011.40,1.48,0.91,0.18,2.44,12.97,0.04
38,NMDC,NMDC Ltd.,INDUSTRIAL MINERALS,2930605850,18299.34,1.59,1.13,0.20,2.28,1.07,0.05
39,PETRONET,Petronet LNG Ltd.,LPG/CNG/PNG/LNG SUPPLIER,15000000880,17949.80,1.56,0.60,0.12,1.98,-6.48,0.02
40,PIDILITIND,Pidilite Industries Ltd.,CHEMICALS - SPECIALITY,508153380,34803.75,3.02,0.64,0.22,0.86,3.03,0.03
41,PEL,Piramal Enterprises Ltd.,OTHER FINANCIAL SERVICES,451076712,29238.79,2.54,1.52,0.34,2.94,32.05,0.03
42,PGHH,Procter & Gamble Hygiene & Health Care Ltd.,PERSONAL CARE,324607360,9487.36,0.82,0.14,0.01,1.31,1.37,0.07
43,PNB,Punjab National Bank,PUBLIC SECTOR BANK,22022031116,13329.25,1.16,1.07,0.16,2.36,-0.24,0.06
44,SBICARD,SBI Cards and Payment Services Ltd.,NBFC,9410280790,16598.56,1.44,0.76,0.14,2.05,-7.14,0.04
45,SIEMENS,Siemens Ltd.,POWER EQUIPMENT,712240510,19071.64,1.66,0.85,0.26,1.08,-3.13,0.03
46,TORNTPHARM,Torrent Pharmaceuticals Ltd.,PHARMACEUTICALS,846113600,15092.76,1.31,0.39,0.05,1.37,5.85,0.03
47,UBL,United Breweries Ltd.,BREW/DISTILLERIES,264405149,10943.76,0.95,0.59,0.10,2.10,15.39,0.05
48,MCDOWELL-N,United Spirits Ltd.,BREW/DISTILLERIES,1453277430,20893.20,1.81,0.74,0.24,1.08,8.03,0.03
49,VEDL,Vedanta Ltd.,ALUMINIUM,3717196639,35210.87,3.06,0.91,0.12,1.82,-4.14,0.03
50,YESBANK,Yes Bank Ltd.,PRIVATE SECTOR BANK,50109811962,13113.18,1.14,1.05,0.12,2.50,0.37,0.18
,,,,,1151779.29,,,,,,0.10
,,,,,,,,,,,
* Beta & R2 are calculated for the period 01-July-2020 to 30-June-2021,,,,,,,,,,,
,,,,,,,,,,,
* Beta measures the  degree to which any portfolio of stocks is affected as compared to the effect,,,,,,,,,,,
  on the market as a whole.,,,,,,,,,,,
,,,,,,,,,,,
* The coefficient of determination (R2) measures the strength of relationship between two variables,,,,,,,,,,,
   the return on  a security versus that of the market.,,,,,,,,,,,
,,,,,,,,,,,
* Volatility is the Std. deviation of the daily returns for the period 01-July-2020 to 30-June-2021,,,,,,,,,,,
,,,,,,,,,,,
* Last day of trading was 30-June-2021,,,,,,,,,,,
,,,,,,,,,,,
* Impact Cost for Nifty Next 50 is for a portfolio of Rs. 25 Lakhs  ,,,,,,,,,,,
,,,,,,,,,,,
* Impact Cost for Nifty Next 50 is the weightage average impact cost,,,,,,,,,,,
