Annexure II- Nifty Next 50 Index : December 2017,,,,,,,,,,,
,,,,,,,,,,,
Sr. No,Security Symbol,Security Name,Industry,Equity Capital (In Rs.),Free Float Market Capitalisation (Rs. Crores),Weightage (%),Beta,R2,Volatility (%),Monthly Return,Avg. Impact Cost (%)
1,ABB,ABB India Ltd.,ELECTRICAL EQUIPMENT,423816750,7432.16,0.99,0.64,0.04,1.20,0.29,0.07
2,ACC,ACC Ltd.,CEMENT AND CEMENT PRODUCTS,1877871730,14859.22,1.99,1.16,0.22,0.99,5.43,0.02
3,ASHOKLEY,Ashok Leyland Ltd.,AUTOMOBILES - 4 WHEELERS,2927104101,17082.29,2.28,1.33,0.17,1.68,1.06,0.03
4,DMART,Avenue Supermarts Ltd.,MISCELLANEOUS,6240844860,8109.88,1.08,0.91,0.05,1.29,5.66,0.04
5,BAJAJFINSV,Bajaj Finserv Ltd.,FINANCE,795675485,31628.93,4.23,1.36,0.19,1.06,0.31,0.04
6,BANKBARODA,Bank of Baroda,BANKS,4608319196,15176.69,2.03,2.02,0.17,1.20,-5.00,0.03
7,BEL,Bharat Electronics Ltd.,ELECTRONICS - INDUSTRIAL,2456990723,14321.31,1.91,1.22,0.18,1.28,-1.96,0.03
8,BHEL,Bharat Heavy Electricals Ltd.,ELECTRICAL EQUIPMENT,7342800000,12565.37,1.68,1.32,0.17,0.85,0.54,0.04
9,BRITANNIA,Britannia Industries Ltd.,FOOD AND FOOD PROCESSING,240118296,27704.04,3.70,0.65,0.10,1.17,-2.21,0.03
10,CADILAHC,Cadila Healthcare Ltd.,PHARMACEUTICALS,1023742595,11094.81,1.48,0.97,0.06,1.12,1.11,0.04
11,COLPAL,Colgate Palmolive (India) Ltd.,PERSONAL CARE,271985634,14660.03,1.96,0.36,0.03,0.86,6.11,0.05
12,CONCOR,Container Corporation of India Ltd.,TRAVEL AND TRANSPORT,2437177390,15127.74,2.02,0.81,0.08,1.06,5.45,0.04
13,CUMMINSIND,Cummins India Ltd.,DIESEL ENGINES,554400000,12250.33,1.64,0.69,0.06,1.55,3.95,0.04
14,DLF,DLF Ltd.,CONSTRUCTION,3568120260,11567.40,1.55,2.10,0.19,2.31,11.19,0.03
15,DABUR,Dabur India Ltd.,PERSONAL CARE,1761520510,19712.12,2.63,0.64,0.09,0.95,1.57,0.03
16,EMAMILTD,Emami Ltd.,PERSONAL CARE,226967619,8151.63,1.09,0.78,0.08,1.05,1.45,0.06
17,GSKCONS,GlaxoSmithkline Consumer Healthcare Ltd.,FOOD AND FOOD PROCESSING,420555380,7698.86,1.03,0.26,0.02,0.98,7.42,0.07
18,GLAXO,Glaxosmithkline Pharmaceuticals Ltd.,PHARMACEUTICALS,847030170,5271.28,0.70,0.27,0.03,1.04,0.27,0.08
19,GLENMARK,Glenmark Pharmaceuticals Ltd.,PHARMACEUTICALS,282168156,8894.43,1.19,0.69,0.05,1.24,5.43,0.03
20,GODREJCP,Godrej Consumer Products Ltd.,PERSONAL CARE,681329518,25195.33,3.37,0.88,0.08,1.15,3.95,0.04
21,HAVELLS,Havells India Ltd.,ELECTRICAL EQUIPMENT,625148473,13361.36,1.79,0.92,0.10,1.35,10.44,0.03
22,HINDZINC,Hindustan Zinc Ltd.,METALS,8450638000,7829.94,1.05,1.47,0.20,1.37,3.16,0.04
23,ICICIPRULI,ICICI Prudential Life Insurance Company Ltd.,FINANCE,14354679600,10462.26,1.40,0.60,0.04,1.28,2.03,0.05
24,IDEA,Idea Cellular Ltd.,TELECOMMUNICATION - SERVICES,36073875550,14825.28,1.98,0.95,0.03,2.13,14.51,0.05
25,INDIGO,InterGlobe Aviation Ltd.,TRAVEL AND TRANSPORT,3843130580,11118.95,1.49,0.49,0.02,1.98,7.49,0.04
26,JSWSTEEL,JSW Steel Ltd.,STEEL AND STEEL PRODUCTS,2417220440,28043.14,3.75,1.71,0.27,1.67,5.87,0.04
27,LICHSGFIN,LIC Housing Finance Ltd.,FINANCE - HOUSING,1009326000,17062.66,2.28,1.27,0.25,1.24,-3.11,0.02
28,MRF,MRF Ltd.,TYRES,42411430,17798.84,2.38,0.91,0.11,1.45,5.50,0.04
29,MARICO,Marico Ltd.,PERSONAL CARE,1290771198,16650.95,2.23,0.76,0.12,0.95,5.39,0.03
30,MOTHERSUMI,Motherson Sumi Systems Ltd.,AUTO ANCILLARIES,2105289491,29541.95,3.95,1.22,0.21,1.71,3.85,0.03
31,NHPC,NHPC Ltd.,POWER,1.02593E+11,7034.30,0.94,0.92,0.09,1.66,15.17,0.09
32,NMDC,NMDC Ltd.,MINING,3163890474,10899.60,1.46,1.38,0.22,1.66,7.99,0.04
33,OIL,Oil India Ltd.,OIL EXPLORATION/PRODUCTION,7566026070,6745.87,0.90,0.65,0.06,1.48,2.64,0.04
34,OFSS,Oracle Financial Services Software Ltd.,COMPUTERS - SOFTWARE,426667385,9092.22,1.22,0.52,0.05,1.16,10.94,0.05
35,PETRONET,Petronet LNG Ltd.,GAS,15000000880,19106.25,2.55,0.99,0.11,1.89,1.25,0.03
36,PIDILITIND,Pidilite Industries Ltd.,CHEMICALS - SPECIALITY,512810330,13879.72,1.85,0.94,0.16,1.94,7.12,0.03
37,PEL,Piramal Enterprises Ltd.,PHARMACEUTICALS,345576200,23780.48,3.18,1.12,0.11,1.69,3.37,0.04
38,PFC,Power Finance Corporation Ltd.,FINANCIAL INSTITUTION,26400814080,10928.62,1.46,1.60,0.18,1.31,0.74,0.04
39,PGHH,Procter & Gamble Hygiene & Health Care Ltd.,PERSONAL CARE,324607360,8844.84,1.18,0.31,0.03,1.12,-0.05,0.11
40,PNB,Punjab National Bank,BANKS,4851174610,17877.06,2.39,2.53,0.15,1.95,-2.67,0.03
41,RECLTD,Rural Electrification Corporation Ltd.,FINANCIAL INSTITUTION,19749180000,12611.33,1.69,1.45,0.14,1.53,1.10,0.04
42,SHREECEM,Shree Cement Ltd.,CEMENT AND CEMENT PRODUCTS,348372250,22038.29,2.95,0.91,0.11,1.15,5.10,0.05
43,SRTRANSFIN,Shriram Transport Finance Co. Ltd.,FINANCE,2268827360,21510.66,2.87,1.19,0.12,2.03,11.59,0.03
44,SIEMENS,Siemens Ltd.,ELECTRICAL EQUIPMENT,712240510,11022.37,1.47,1.42,0.27,1.75,3.37,0.04
45,SAIL,Steel Authority of India Ltd.,STEEL AND STEEL PRODUCTS,41305252890,9515.70,1.27,2.18,0.27,2.36,19.99,0.04
46,SUNTV,Sun TV Network Ltd.,MEDIA & ENTERTAINMENT,1970423100,9755.07,1.30,1.34,0.09,1.94,13.86,0.04
47,TATAPOWER,Tata Power Co. Ltd.,POWER,2704773510,16944.05,2.26,1.11,0.20,1.50,-1.27,0.04
48,TITAN,Titan Company Ltd.,"GEMS, JEWELLERY AND WATCHES",887786160,35807.12,4.79,1.32,0.09,1.44,4.79,0.02
49,TORNTPHARM,Torrent Pharmaceuticals Ltd.,PHARMACEUTICALS,846113600,6961.48,0.93,0.92,0.09,0.82,10.29,0.04
50,MCDOWELL-N,United Spirits Ltd.,BREW/DISTILLERIES,1307949680,18714.82,2.50,0.96,0.05,1.24,11.70,0.03
,,,,,748269.03,,,,,,0.04
,,,,,,,,,,,
* Beta & R2 are calculated for the period 01-Jan-2017 to 29-Dec 2017,,,,,,,,,,,
,,,,,,,,,,,
* Beta measures the  degree to which any portfolio of stocks is affected as compared to the effect,,,,,,,,,,,
  on the market as a whole.,,,,,,,,,,,
,,,,,,,,,,,
* The coefficient of determination (R2) measures the strength of relationship between two variables,,,,,,,,,,,
   the return on  a security versus that of the market.,,,,,,,,,,,
,,,,,,,,,,,
* Volatility is the Std. deviation of the daily returns for the period 01-Jan-2017 to 29-Dec 2017,,,,,,,,,,,
,,,,,,,,,,,
* Last day of trading was 29-Dec 2017,,,,,,,,,,,
,,,,,,,,,,,
* Impact Cost for Nifty Next 50 is for a portfolio of Rs. 25 Lakhs  ,,,,,,,,,,,
,,,,,,,,,,,
* Impact Cost for Nifty Next 50 is the weightage average impact cost,,,,,,,,,,,
