Annexure II- CNX Nifty Jr. Index : September 2015,,,,,,,,,,,
,,,,,,,,,,,
Sr. No,Security Symbol,Security Name,Industry,Equity Capital (In Rs.),Free Float Market Capitalisation (Rs. Crores),Weightage (%),Beta,R2,Volatility (%),Monthly Return,Avg. Impact Cost (%)
1,ABIRLANUVO,Aditya Birla Nuvo Ltd.,DIVERSIFIED,1301566830,11637.6,2.12,1.2,0.36,1.91,4.82,0.07
2,APOLLOHOSP,Apollo Hospitals Enterprises Ltd.,MISCELLANEOUS,695625795,10991.14,2.01,0.93,0.19,2.24,7.57,0.06
3,ASHOKLEY,Ashok Leyland Ltd.,AUTOMOBILES - 4 WHEELERS,2845876634,13025.98,2.38,1.44,0.34,2.28,2.16,0.05
4,AUROPHARMA,Aurobindo Pharma Ltd.,PHARMACEUTICALS,583964550,20700.18,3.78,1.24,0.28,1.57,2.15,0.04
5,BAJAJFINSV,Bajaj Finserv Ltd.,FINANCE,795773465,10471.26,1.91,0.81,0.14,2.12,-4.44,0.12
6,BAJAJHLDNG,Bajaj Holdings & Investment Ltd.,FINANCE,1112935100,9461.41,1.73,0.37,0.05,2.49,-0.86,0.13
7,BANKINDIA,Bank of India,BANKS,6649085150,2900.43,0.53,1.71,0.42,2.56,-4.61,0.07
8,BHARATFORG,Bharat Forge Ltd.,CASTINGS/FORGINGS,465588632,11251.49,2.05,1.3,0.3,2.41,-22.29,0.05
9,BRITANNIA,Britannia Industries Ltd.,FOOD AND FOOD PROCESSING,239951630,18215.53,3.33,0.63,0.11,1.9,5.19,0.05
10,CANBK,Canara Bank,BANKS,5151969710,4001.14,0.73,1.59,0.38,2.66,-2.22,0.06
11,COLPAL,Colgate Palmolive (India) Ltd.,PERSONAL CARE,271985634,12814.2,2.34,0.47,0.11,1.79,-1.63,0.07
12,CONCOR,Container Corporation of India Ltd.,TRAVEL AND TRANSPORT,1949741910,11062.38,2.02,0.6,0.07,3.69,4.21,0.06
13,CUMMINSIND,Cummins India Ltd.,DIESEL ENGINES,554400000,14878.54,2.72,0.82,0.17,1.81,-0.33,0.08
14,DABUR,Dabur India Ltd.,PERSONAL CARE,1756820170,15438.36,2.82,0.64,0.14,1.5,1.08,0.04
15,DIVISLAB,Divi's Laboratories Ltd.,PHARMACEUTICALS,530937160,14182.97,2.59,0.76,0.2,1.82,-5.68,0.07
16,EICHERMOT,Eicher Motors Ltd.,AUTOMOBILES - 4 WHEELERS,271423830,21775.75,3.98,1.14,0.28,2.27,-6.43,0.05
17,EXIDEIND,Exide Industries Ltd.,AUTO ANCILLARIES,850000000,7145.04,1.3,0.85,0.19,1.84,1.33,0.07
18,FEDERALBNK,Federal Bank Ltd.,BANKS,3435069484,10983.63,2.01,1.14,0.32,1.99,4.15,0.07
19,GLAXO,Glaxosmithkline Pharmaceuticals Ltd.,PHARMACEUTICALS,847030170,7114.1,1.3,0.32,0.06,0.64,-1.11,0.09
20,GLENMARK,Glenmark Pharmaceuticals Ltd.,PHARMACEUTICALS,282156156,14705.52,2.68,0.83,0.15,1.92,-9.14,0.06
21,GODREJCP,Godrej Consumer Products Ltd.,PERSONAL CARE,340532966,15250.51,2.78,0.79,0.11,2.43,-8.44,0.08
22,GSKCONS,GlaxoSmithkline Consumer Healthcare Ltd.,FOOD AND FOOD PROCESSING,420555380,7008.09,1.28,0.31,0.05,1.62,-1.03,0.09
23,HINDPETRO,Hindustan Petroleum Corporation Ltd.,REFINERIES,3386272500,12812.78,2.34,1.08,0.2,1.93,-8.25,0.05
24,IBULHSGFIN,Indiabulls Housing Finance Ltd.,FINANCE - HOUSING,838420184,24273.95,4.43,1.11,0.24,2.63,5.17,0.04
25,INFRATEL,Bharti Infratel Ltd.,TELECOMMUNICATION - EQUIPMENT,18963783330,19050.37,3.48,0.45,0.03,3.16,-11.14,0.06
26,JSWSTEEL,JSW Steel Ltd.,STEEL AND STEEL PRODUCTS,2417220440,9581.84,1.75,1.29,0.35,3.06,-3.35,0.05
27,LICHSGFIN,LIC Housing Finance Ltd.,FINANCE - HOUSING,1009326000,14173.94,2.59,1.49,0.43,3.02,6.22,0.04
28,M&MFIN,Mahindra & Mahindra Financial Services Ltd.,FINANCE,1137529920,6533.42,1.19,0.85,0.15,2.1,-5.26,0.07
29,MARICO,Marico Ltd.,PERSONAL CARE,645085599,10515.58,1.92,0.65,0.11,1.48,-0.33,0.05
30,MCDOWELL-N,United Spirits Ltd.,BREW/DISTILLERIES,1307949680,15680.75,2.86,0.9,0.15,1.57,-6.44,0.05
31,MOTHERSUMI,Motherson Sumi Systems Ltd.,AUTO ANCILLARIES,1322879040,10484.71,1.91,1.2,0.26,3.33,-24.1,0.05
32,MRF,MRF Ltd.,TYRES,42411430,10260.92,1.87,1.14,0.33,1.75,3.82,0.05
33,NMDC,NMDC Ltd.,MINING,3964716000,7380.68,1.35,0.7,0.14,3.18,-7.82,0.06
34,OFSS,Oracle Financial Services Software Ltd.,COMPUTERS - SOFTWARE,423234820,8516.43,1.55,0.49,0.12,1.81,-4.82,0.05
35,OIL,Oil India Ltd.,OIL EXPLORATION/PRODUCTION,6011359550,5969.85,1.09,0.73,0.17,1.46,-5.81,0.06
36,PETRONET,Petronet LNG Ltd.,GAS,7500000440,5374.5,0.98,0.68,0.16,1.54,0.96,0.07
37,PFC,Power Finance Corporation Ltd.,FINANCIAL INSTITUTION,13200407040,9781.93,1.79,1.51,0.36,2.67,2.65,0.06
38,RCOM,Reliance Communications Ltd.,TELECOMMUNICATION - SERVICES,12444898725,6805.38,1.24,1.64,0.29,3.74,12.33,0.09
39,RECLTD,Rural Electrification Corporation Ltd.,FINANCIAL INSTITUTION,9874590000,10652.09,1.94,1.52,0.37,2.72,8.21,0.07
40,RELCAPITAL,Reliance Capital Ltd.,FINANCE,2526328000,4236.78,0.77,1.58,0.39,2.52,19.59,0.04
41,RELINFRA,Reliance Infrastructure Ltd.,POWER,2629900000,4709.28,0.86,1.78,0.43,2.33,1.86,0.04
42,SAIL,Steel Authority of India Ltd.,STEEL AND STEEL PRODUCTS,41305252890,5303.22,0.97,1.26,0.3,3.48,3.22,0.08
43,SIEMENS,Siemens Ltd.,ELECTRICAL EQUIPMENT,712240390,11804.99,2.16,1.51,0.44,2.23,4.83,0.06
44,SRTRANSFIN,Shriram Transport Finance Co. Ltd.,FINANCE,2268827360,13429.83,2.45,0.92,0.15,2.7,13.78,0.05
45,SUNDARMFIN,Sundaram Finance Ltd.,FINANCE,1111038600,10452.97,1.91,0.61,0.12,1.78,5.77,0.15
46,TATACHEM,Tata Chemicals Ltd.,CHEMICALS - INORGANIC,2547562780,6712.33,1.23,1.13,0.37,1.74,-4.51,0.04
47,TATAGLOBAL,Tata Global Beverages Ltd.,TEA AND COFFEE,630622680,5284.46,0.96,1.1,0.4,1.93,6.86,0.06
48,TITAN,Titan Company Ltd.,"GEMS, JEWELLERY AND WATCHES",887786160,13247.3,2.42,0.6,0.11,1.53,-5.91,0.06
49,UBL,United Breweries Ltd.,BREW/DISTILLERIES,264405149,5869.2,1.07,1.13,0.21,2.25,3.14,0.07
50,UPL,UPL Ltd.,PESTICIDES AND AGROCHEMICALS,857208548,13789.14,2.52,1.02,0.18,2.45,-8.81,0.04
,,,,,547703.87,,,,,,0.06
,,,,,,,,,,,
* Beta & R2 are calculated for the period 01-Oct-2014 to 30-Sep-2015,,,,,,,,,,,
,,,,,,,,,,,
* Beta measures the  degree to which any portfolio of stocks is affected as compared to the effect,,,,,,,,,,,
  on the market as a whole.,,,,,,,,,,,
,,,,,,,,,,,
* The coefficient of determination (R2) measures the strength of relationship between two variables,,,,,,,,,,,
   the return on  a security versus that of the market.,,,,,,,,,,,
,,,,,,,,,,,
* Volatility is the Std. deviation of the daily returns for the period 01-Sep-2015 to 30-Sep-2015,,,,,,,,,,,
,,,,,,,,,,,
* Last day of trading was 30-Sep-2015,,,,,,,,,,,
,,,,,,,,,,,
* Impact Cost for CNX Nifty Jr. is for a portfolio of Rs. 25 Lakhs  ,,,,,,,,,,,
,,,,,,,,,,,
* Impact Cost for CNX Nifty Jr. is the weightage average impact cost,,,,,,,,,,,
