Annexure II- Nifty Next 50 Index : Oct 2022,,,,,,,,,,,
,,,,,,,,,,,
Sr. No,Security Symbol,Security Name,Industry,Equity Capital (In Rs.),Free Float Market Capitalisation (Rs. Crores),Weightage (%),Beta,R2,Volatility (%),Monthly Return,Avg. Impact Cost (%)
1,ACC,ACC Ltd.,CEMENT,1877872630,25259.08,1.81,0.92,0.30,1.97,-1.05,0.02
2,ADANIGREEN,Adani Green Energy Ltd.,POWER,15840324780,35881.98,2.57,0.94,0.10,2.80,-6.98,0.03
3,ATGL,Adani Total Gas Ltd.,LPG/CNG/PNG/LNG SUPPLIER,1099810083,46394.85,3.32,1.18,0.18,3.00,7.87,0.05
4,ADANITRANS,Adani Transmission Ltd.,POWER - TRANSMISSION,11154926830,43736.99,3.13,1.02,0.16,3.02,1.79,0.04
5,AMBUJACEM,Ambuja Cements Ltd.,CEMENT,3971290458,48963.94,3.51,0.88,0.22,2.39,3.37,0.03
6,DMART,Avenue Supermarts Ltd.,DIVERSIFIED RETAIL,6477746910,30150.32,2.16,0.86,0.23,1.22,-1.50,0.03
7,BAJAJHLDNG,Bajaj Holdings & Investment Ltd.,HOLDING COMPANIES,1112935100,15275.72,1.09,0.83,0.18,1.36,4.22,0.03
8,BANDHANBNK,Bandhan Bank Ltd.,PRIVATE SECTOR BANK,16108180660,22584.49,1.62,1.15,0.24,2.68,-10.52,0.10
9,BANKBARODA,Bank of Baroda,PUBLIC SECTOR BANK,10342724358,34385.43,2.46,1.34,0.37,2.30,11.56,0.03
10,BERGEPAINT,Berger Paints India Ltd.,PAINTS,971349249,17788.99,1.27,0.84,0.33,1.65,-5.06,0.03
11,BEL,Bharat Electronics Ltd.,DEFENSE,7309778829,47858.75,3.43,0.87,0.22,2.17,5.84,0.04
12,BIOCON,Biocon Ltd.,PHARMACEUTICALS,6003000000,15395.39,1.10,0.77,0.18,1.53,-7.25,0.03
13,BOSCHLTD,Bosch Ltd.,AUTO ANCILLARIES,294936400,17635.86,1.26,1.14,0.49,1.07,4.26,0.04
14,CHOLAFIN,Cholamandalam Investment and Finance Company Ltd.,NBFC,1643095662,34980.11,2.50,1.25,0.33,2.19,-3.12,0.03
15,COLPAL,Colgate Palmolive (India) Ltd.,PERSONAL CARE,271985634,27194.57,1.95,0.46,0.18,1.43,0.14,0.03
16,DLF,DLF Ltd.,RESIDENTIAL/COMMERCIAL/SEZ Project,4950630072,29831.93,2.14,1.59,0.53,1.66,8.07,0.03
17,DABUR,Dabur India Ltd.,PERSONAL CARE,1771763464,40556.86,2.90,0.64,0.25,1.51,-3.19,0.02
18,NYKAA,FSN E-Commerce Ventures Ltd.,E-RETAIL/ E-COMMERCE,474552370,3330.65,0.24,1.00,0.13,4.70,-9.38,0.04
19,GAIL,GAIL (India) Ltd.,GAS TRANSMISSION/MARKETING,65750996440,30778.22,2.20,0.62,0.12,1.65,4.88,0.04
20,GLAND,Gland Pharma Ltd.,PHARMACEUTICALS,164688423,4954.63,0.35,0.40,0.05,3.63,-14.74,0.04
21,GODREJCP,Godrej Consumer Products Ltd.,PERSONAL CARE,1022634954,39239.23,2.81,0.77,0.19,1.57,-8.91,0.03
22,HDFCAMC,HDFC Asset Management Company Ltd.,ASSET MANAGEMENT COMPANIES,1066535885,17154.89,1.23,1.02,0.37,1.41,9.79,0.03
23,HAVELLS,Havells India Ltd.,CONSUMER ELECTRONICS,626508016,38116.57,2.73,0.91,0.33,2.01,-9.81,0.03
24,HAL,Hindustan Aeronautics Ltd.,AEROSPACE,3343875000,26448.78,1.89,0.89,0.22,2.12,7.90,0.03
25,ICICIGI,ICICI Lombard General Insurance Company Ltd.,GENERAL INSURANCE,4910933780,37361.23,2.67,0.79,0.28,1.05,1.63,0.04
26,ICICIPRULI,ICICI Prudential Life Insurance Company Ltd.,LIFE INSURANCE,14385417460,24651.96,1.76,0.94,0.33,1.61,-3.50,0.03
27,IOC,Indian Oil Corporation Ltd.,REFINERIES/MARKETING,141212383830,32540.61,2.33,0.70,0.24,0.93,1.94,0.04
28,IRCTC,Indian Railway Catering And Tourism Corporation Ltd.,TRAVEL,1600000000,24469.54,1.75,1.28,0.44,0.73,4.99,0.03
29,INDUSTOWER,Indus Towers Ltd.,TELECOM - INFRASTRUCTURE,26949369500,19379.42,1.39,1.12,0.30,1.55,-6.05,0.03
30,NAUKRI,Info Edge (India) Ltd.,E-RETAIL/ E-COMMERCE,1289841200,37953.19,2.72,1.39,0.38,2.13,1.58,0.03
31,INDIGO,InterGlobe Aviation Ltd.,AIRLINES,3854345880,21469.00,1.54,1.28,0.34,1.45,-3.97,0.03
32,LTI,Larsen & Toubro Infotech Ltd.,COMPUTERS - SOFTWARE,175325436,27019.00,1.93,1.21,0.35,1.64,6.33,0.03
33,LICI,Life Insurance Corporation of India,LIFE INSURANCE,63249977010,7156.28,0.51,0.63,0.22,0.93,-2.85,0.02
34,MARICO,Marico Ltd.,PERSONAL CARE,1292940968,33924.39,2.43,0.67,0.25,0.88,-2.47,0.02
35,MPHASIS,MphasiS Ltd.,COMPUTERS - SOFTWARE,1881398540,20481.23,1.47,1.15,0.35,1.99,-5.23,0.02
36,MUTHOOTFIN,Muthoot Finance Ltd.,NBFC,4013593710,14140.19,1.01,0.80,0.20,1.07,0.33,0.03
37,PAYTM,One 97 Communications Ltd.,FINANCIAL TECHNOLOGY (FINTECH),648913276,2716.27,0.19,0.90,0.08,2.02,0.07,0.03
38,PIIND,PI Industries Ltd.,PESTICIDES AND AGROCHEMICALS,151718118,32599.14,2.33,0.85,0.26,1.29,8.12,0.04
39,PIDILITIND,Pidilite Industries Ltd.,CHEMICALS - SPECIALITY,508298950,49281.81,3.53,0.77,0.27,1.28,-3.94,0.02
40,PGHH,Procter & Gamble Hygiene & Health Care Ltd.,PERSONAL CARE,324607360,6210.66,0.44,0.46,0.12,0.56,1.45,0.06
41,SBICARD,SBI Cards and Payment Services Ltd.,NBFC,9433199640,29254.21,2.09,1.08,0.36,2.01,-9.51,0.03
42,SRF,SRF Ltd.,CHEMICALS - SPECIALITY,2964248250,46473.78,3.33,1.26,0.39,1.32,2.20,0.03
43,MOTHERSON,Samvardhana Motherson International Ltd.,AUTO ANCILLARIES,6776421366,15303.99,1.10,0.00,0.00,2.59,-11.24,0.05
44,SHREECEM,Shree Cement Ltd.,CEMENT,360807480,37963.28,2.72,0.95,0.32,1.83,8.12,0.03
45,SIEMENS,Siemens Ltd.,POWER EQUIPMENT,712240510,32571.53,2.33,0.90,0.32,1.48,5.59,0.02
46,TATAPOWER,Tata Power Co. Ltd.,POWER,3195339547,47861.66,3.43,1.29,0.38,1.18,4.39,0.03
47,TORNTPHARM,Torrent Pharmaceuticals Ltd.,PHARMACEUTICALS,1692227200,20251.49,1.45,0.59,0.13,1.14,5.78,0.03
48,MCDOWELL-N,United Spirits Ltd.,BREW/DISTILLERIES,1453277430,33393.85,2.39,1.10,0.38,2.08,6.42,0.03
49,VEDL,Vedanta Ltd.,ALUMINIUM,3717199039,39158.01,2.80,1.16,0.19,2.15,3.98,0.02
50,ZOMATO,Zomato Ltd.,E-RETAIL/ E-COMMERCE,8548736288,9347.57,0.67,1.55,0.17,2.69,1.20,0.05
,,,,,1396831.53,,,,,,0.03
,,,,,,,,,,,
* Beta & R2 are calculated for the period 01-Nov-2021 to 31-Oct-2022,,,,,,,,,,,
,,,,,,,,,,,
* Beta measures the  degree to which any portfolio of stocks is affected as compared to the effect,,,,,,,,,,,
  on the market as a whole.,,,,,,,,,,,
,,,,,,,,,,,
* The coefficient of determination (R2) measures the strength of relationship between two variables,,,,,,,,,,,
   the return on  a security versus that of the market.,,,,,,,,,,,
,,,,,,,,,,,
* Volatility is the Std. deviation of the daily returns for the period  01-Nov-2021 to 31-Oct-2022,,,,,,,,,,,
,,,,,,,,,,,
* Last day of trading was 31-Oct-2022,,,,,,,,,,,
,,,,,,,,,,,
* Impact Cost for Nifty Next 50 is for a portfolio of Rs. 25 Lakhs  ,,,,,,,,,,,
,,,,,,,,,,,
* Impact Cost for Nifty Next 50 is the weightage average impact cost,,,,,,,,,,,
