Annexure II-  CNX Nifty Jr. Index : May 2013,,,,,,,,,,,
,,,,,,,,,,,
Sr. No,Security Symbol,Security Name,Industry,Equity Capital,Free Float Market Capitalisation for Apr 2013,Weightage,Beta,R2,Volatility,Monthly Return,Avg. Impact Cost May 2013
,,,,(In Rs.),(Rs. Crores),%,,,%,%,%
1,ADANIENT,Adani Enterprises Ltd.,TRADING,1099810083,5481.16,1.59,2.08,0.39,2.6,-2.93,0.11
2,ADANIPORTS,Adani Ports and Special Economic Zone Ltd.,SHIPPING,4006788200,6855.26,1.98,1.34,0.25,2.68,4.86,0.09
3,ABIRLANUVO,Aditya Birla Nuvo Ltd.,DIVERSIFIED,1202131870,5739.16,1.66,1.1,0.34,1.06,1.06,0.09
4,APOLLOHOSP,Apollo Hospitals Enterprises Ltd.,MISCELLANEOUS,695625795,7682.99,2.22,0.57,0.06,3.68,20.8,0.09
5,ASHOKLEY,Ashok Leyland Ltd.,AUTOMOBILES - 4 WHEELERS,2660676634,3097.57,0.9,1.11,0.28,1.79,4.17,0.11
6,BAJAJFINSV,Bajaj Finserv Ltd.,FINANCE,795759305,3957.25,1.15,0.74,0.1,1.88,-10.64,0.1
7,BAJAJHLDNG,Bajaj Holdings & Investment Ltd.,FINANCE,1112935100,5680.5,1.64,0.36,0.06,1.12,4.06,0.17
8,BANKINDIA,Bank of India,BANKS,5959023270,6154.84,1.78,1.64,0.48,1.88,-12.27,0.09
9,BHARATFORG,Bharat Forge Ltd.,CASTINGS/FORGINGS,465588632,3161.99,0.92,1.11,0.28,2.17,1.54,0.09
10,BOSCHLTD,Bosch Ltd.,AUTO ANCILLARIES,313989000,8278.69,2.4,0.2,0.03,0.56,2.81,0.1
11,CANBK,Canara Bank,BANKS,4430000000,5891.6,1.71,1.73,0.43,2.35,-0.66,0.07
12,COLPAL,Colgate Palmolive (India) Ltd.,PERSONAL CARE,135992817,9662.62,2.8,0.3,0.03,1.54,-1.45,0.08
13,CONCOR,Container Corporation of India Ltd.,TRAVEL AND TRANSPORT,1299827940,5490.94,1.59,0.34,0.05,1.4,1.76,0.2
14,CROMPGREAV,Crompton Greaves Ltd.,ELECTRICAL EQUIPMENT,1282983072,3510.37,1.02,1.54,0.32,3.47,1.79,0.08
15,CUMMINSIND,Cummins India Ltd.,DIESEL ENGINES,554400000,6158.42,1.78,0.58,0.11,1.25,-11.3,0.11
16,DABUR,Dabur India Ltd.,PERSONAL CARE,1742935011,8539.77,2.47,0.54,0.11,1.91,5.78,0.08
17,DIVISLAB,Divi's Laboratories Ltd.,PHARMACEUTICALS,265468580,6208.95,1.8,0.75,0.16,1.98,-9.05,0.08
18,EXIDEIND,Exide Industries Ltd.,AUTO ANCILLARIES,850000000,6332.53,1.83,0.61,0.09,1.28,3.96,0.08
19,FEDERALBNK,Federal Bank Ltd.,BANKS,1712185560,7710.83,2.23,0.87,0.24,1.54,-1.34,0.08
20,GSKCONS,GlaxoSmithkline Consumer Healthcare Ltd.,FOOD AND FOOD PROCESSING,420555380,6736.51,1.95,0.34,0.02,3.57,44.57,0.11
21,GLAXO,Glaxosmithkline Pharmaceuticals Ltd.,PHARMACEUTICALS,847030170,10438.23,3.02,0.07,0,2.21,10.42,0.11
22,GLENMARK,Glenmark Pharmaceuticals Ltd.,PHARMACEUTICALS,270896453,8262.86,2.39,0.49,0.05,1.67,21.14,0.07
23,GODREJCP,Godrej Consumer Products Ltd.,PERSONAL CARE,340326925,10744.45,3.11,0.27,0.02,1.43,4.78,0.13
24,HINDPETRO,Hindustan Petroleum Corporation Ltd.,REFINERIES,3386272500,4663.56,1.35,0.66,0.09,1.76,-8.24,0.08
25,IDBI,IDBI Bank Ltd.,BANKS,13326983410,2738.48,0.79,1.57,0.59,1.61,-9.63,0.07
26,IDEA,Idea Cellular Ltd.,TELECOMMUNICATION - SERVICES,33148222190,10531.21,3.05,0.67,0.09,1.56,-1.28,0.07
27,INDHOTEL,Indian Hotels Co. Ltd.,HOTELS,807472787,2587.61,0.75,1.1,0.31,1.3,-9.84,0.12
28,JSWSTEEL,JSW Steel Ltd.,STEEL AND STEEL PRODUCTS,2231172000,6987.44,2.02,1.59,0.42,1.72,-2.67,0.07
29,LICHSGFIN,LIC Housing Finance Ltd.,FINANCE - HOUSING,1009326000,7708.24,2.23,1.33,0.37,2.28,5.03,0.06
30,MPHASIS,MphasiS Ltd.,COMPUTERS - SOFTWARE,2101249970,3577,1.04,0.55,0.06,3.53,30.22,0.13
31,OFSS,Oracle Financial Services Software Ltd.,COMPUTERS - SOFTWARE,420327390,4341.71,1.26,0.55,0.08,2.66,-0.09,0.08
32,PETRONET,Petronet LNG Ltd.,GAS,7500000440,4275,1.24,0.56,0.1,0.83,2.11,0.07
33,PFC,Power Finance Corporation Ltd.,FINANCIAL INSTITUTION,13200150110,6350.97,1.84,1.7,0.38,2.15,-6.06,0.07
34,RELCAPITAL,Reliance Capital Ltd.,FINANCE,2456328000,3678.61,1.07,2.37,0.64,2.53,-7.45,0.07
35,RCOM,Reliance Communications Ltd.,TELECOMMUNICATION - SERVICES,10320134405,7057.71,2.04,2.8,0.52,3.16,9.75,0.08
36,RPOWER,Reliance Power Ltd.,POWER,28051264660,4828.32,1.4,2.18,0.61,2.64,-3.5,0.09
37,RECLTD,Rural Electrification Corporation Ltd.,FINANCIAL INSTITUTION,9874590000,7248.81,2.1,1.79,0.41,2.42,-1.47,0.08
38,SRTRANSFIN,Shriram Transport Finance Co. Ltd.,FINANCE,2268639360,13732.38,3.98,0.91,0.21,1.72,9.42,0.08
39,SIEMENS,Siemens Ltd.,ELECTRICAL EQUIPMENT,710989492,5301.74,1.53,1.08,0.25,2.63,9.05,0.09
40,SAIL,Steel Authority of India Ltd.,STEEL AND STEEL PRODUCTS,41305252890,4643.43,1.34,1.26,0.34,1.76,-8.84,0.09
41,TATACHEM,Tata Chemicals Ltd.,CHEMICALS - INORGANIC,2547562780,5298.77,1.53,0.65,0.2,0.99,-6.84,0.07
42,TATAGLOBAL,Tata Global Beverages Ltd.,TEA AND COFFEE,618398570,5846.44,1.69,1.18,0.25,2.02,-0.92,0.09
43,TECHM,Tech Mahindra Ltd.,COMPUTERS - SOFTWARE,1281190230,6519.21,1.89,0.4,0.04,1.7,1.49,0.07
44,TITAN,Titan Industries Ltd.,"GEMS, JEWELLERY AND WATCHES",887786160,12234.53,3.54,0.97,0.18,1.88,8.44,0.08
45,UNIONBANK,Union Bank of India,BANKS,5967942090,5530.62,1.6,2.02,0.47,2.26,-10.11,0.09
46,UBL,United Breweries Ltd.,BREW/DISTILLERIES,264405149,5094.65,1.47,0.68,0.03,1.86,4.15,0.09
47,UNIPHOS,United Phosphorus Ltd.,PESTICIDES AND AGROCHEMICALS,885208548,4880.06,1.41,0.98,0.2,1.82,9.81,0.07
48,MCDOWELL-N,United Spirits Ltd.,BREW/DISTILLERIES,1307949680,22697.02,6.57,1.47,0.12,2.26,9.21,0.06
49,YESBANK,Yes Bank Ltd.,BANKS,3589334890,12991.96,3.76,1.33,0.42,1.9,-2.86,0.08
50,ZEEL,Zee Entertainment Enterprises Ltd.,MEDIA & ENTERTAINMENT,959102570,12280.98,3.56,0.89,0.13,1.76,-3.33,0.09
,,,,,345403.94,100,,,,,0.09
,,,,,,,,,,,
* Beta & R2 are calculated for the period 01-Jun-2012 to 31-May-2013,,,,,,,,,,,
,,,,,,,,,,,
* Beta measures the degree to which any portfolio of stocks is affected as compared to the effect,,,,,,,,,,,
  on the market as a whole.,,,,,,,,,,,
,,,,,,,,,,,
* The coefficient of determination (R2) measures the strength of relationship between two variables,,,,,,,,,,,
   the return on  a security versus that of the market.,,,,,,,,,,,
,,,,,,,,,,,
* Volatility is the Std. deviation of the daily returns for the period 01-May-2013 to 31-May-2013,,,,,,,,,,,
,,,,,,,,,,,
* Last day of trading was 31-May-2013,,,,,,,,,,,
,,,,,,,,,,,
* Impact Cost for CNX Nifty Junior is for a portfolio of Rs. 25 Lakhs  ,,,,,,,,,,,
,,,,,,,,,,,
* Impact Cost for CNX Nifty Junior is the weightage average impact cost,,,,,,,,,,,
