Annexure II- Nifty Next 50 Index : June 2018,,,,,,,,,,,
,,,,,,,,,,,
Sr. No,Security Symbol,Security Name,Industry,Equity Capital (In Rs.),Free Float Market Capitalisation (Rs. Crores),Weightage (%),Beta,R2,Volatility (%),Monthly Return,Avg. Impact Cost (%)
1,ABB,ABB India Ltd.,ELECTRICAL EQUIPMENT,423816750,6243.35,0.93,0.77,0.14,1.97,-4.33088444,0.08
2,ACC,ACC Ltd.,CEMENT AND CEMENT PRODUCTS,1877871730,11322.72,1.68,1.05,0.23,1.79,-1.0851912,0.02
3,ABCAPITAL,Aditya Birla Capital Ltd.,FINANCE,22012175080,7330.05,1.09,0.92,0.11,1.66,-9.20245399,0.05
4,AMBUJACEM,Ambuja Cements Ltd.,CEMENT AND CEMENT PRODUCTS,3971290458,15241.12,2.26,0.99,0.21,1.73,0.99805258,0.03
5,ASHOKLEY,Ashok Leyland Ltd.,AUTOMOBILES - 4 WHEELERS,2935127276,18092.71,2.69,1.01,0.11,1.77,-15.02870652,0.03
6,AUROPHARMA,Aurobindo Pharma Ltd.,PHARMACEUTICALS,585907609,17073.82,2.54,1.13,0.16,1.98,9.13176344,0.02
7,DMART,Avenue Supermarts Ltd.,MISCELLANEOUS,6240844860,14832.24,2.20,1.39,0.20,1.99,-5.51792132,0.04
8,BANKBARODA,Bank of Baroda,BANKS,5291032264,10728.63,1.59,1.92,0.17,1.82,-17.68359518,0.04
9,BEL,Bharat Electronics Ltd.,ELECTRONICS - INDUSTRIAL,2436592943,8736.28,1.30,1.23,0.19,2.24,-5.02622378,0.04
10,BHEL,Bharat Heavy Electricals Ltd.,ELECTRICAL EQUIPMENT,7342800000,9746.65,1.45,1.44,0.25,2.26,-14.22594142,0.04
11,BOSCHLTD,Bosch Ltd.,AUTO ANCILLARIES,305207400,16032.50,2.38,0.65,0.09,1.68,-4.66884443,0.05
12,BRITANNIA,Britannia Industries Ltd.,FOOD AND FOOD PROCESSING,240118296,36554.86,5.43,0.61,0.12,1.11,4.89200618,0.03
13,CADILAHC,Cadila Healthcare Ltd.,PHARMACEUTICALS,1023742595,9659.01,1.44,0.99,0.13,1.84,4.45613064,0.04
14,COLPAL,Colgate Palmolive (India) Ltd.,PERSONAL CARE,271985634,15790.85,2.35,0.42,0.06,0.97,-5.94189093,0.03
15,CONCOR,Container Corporation of India Ltd.,TRAVEL AND TRANSPORT,2437177390,14306.84,2.13,0.87,0.12,2.34,-5.40589536,0.05
16,CUMMINSIND,Cummins India Ltd.,DIESEL ENGINES,554400000,8796.90,1.31,0.71,0.09,1.16,-7.65666215,0.05
17,DLF,DLF Ltd.,CONSTRUCTION,3568176696,8420.90,1.25,2.04,0.28,1.76,-10.05240591,0.03
18,DABUR,Dabur India Ltd.,PERSONAL CARE,1766264421,22124.93,3.29,0.57,0.10,0.95,2.12627185,0.02
19,EMAMILTD,Emami Ltd.,PERSONAL CARE,453935238,6485.40,0.96,0.60,0.07,1.86,1.17590822,0.08
20,GICRE,General Insurance Corporation of India,FINANCE,4386000000,8999.98,1.34,0.12,0.00,1.03,1.14553861,0.07
21,GODREJCP,Godrej Consumer Products Ltd.,PERSONAL CARE,681329518,30898.91,4.59,0.52,0.05,1.30,7.59777027,0.03
22,HAVELLS,Havells India Ltd.,ELECTRICAL EQUIPMENT,625472910,13594.03,2.02,1.08,0.17,1.59,-0.14701829,0.03
23,HINDZINC,Hindustan Zinc Ltd.,METALS,8450638000,6959.10,1.03,1.28,0.25,1.61,-7.37303864,0.03
24,ICICIPRULI,ICICI Prudential Life Insurance Company Ltd.,FINANCE,14355550350,11374.33,1.69,0.88,0.10,1.43,-10.69822485,0.04
25,IDEA,Idea Cellular Ltd.,TELECOMMUNICATION - SERVICES,43598158050,10608.96,1.58,1.26,0.08,3.99,-3.49593496,0.06
26,INDIGO,InterGlobe Aviation Ltd.,TRAVEL AND TRANSPORT,3844068380,10460.67,1.55,0.89,0.09,2.29,-10.72380562,0.04
27,JSWSTEEL,JSW Steel Ltd.,STEEL AND STEEL PRODUCTS,2417220440,33967.75,5.05,1.54,0.31,1.41,-1.53660741,0.03
28,L&TFH,L&T Finance Holdings Ltd.,FINANCE,19957547100,9382.34,1.39,1.65,0.28,1.50,-10.71533706,0.04
29,LICHSGFIN,LIC Housing Finance Ltd.,FINANCE - HOUSING,1009326000,14190.62,2.11,1.30,0.31,1.11,-1.36798906,0.02
30,MRF,MRF Ltd.,TYRES,42411430,18124.71,2.69,0.91,0.18,1.06,-1.00298347,0.04
31,MARICO,Marico Ltd.,PERSONAL CARE,1290864398,17124.61,2.54,0.54,0.07,1.52,3.04489669,0.03
32,MOTHERSUMI,Motherson Sumi Systems Ltd.,AUTO ANCILLARIES,2105289491,22776.28,3.38,1.18,0.21,1.63,-8.20570692,0.03
33,NHPC,NHPC Ltd.,POWER,1.02593E+11,5292.78,0.79,0.87,0.14,1.91,-11.50943396,0.1
34,NMDC,NMDC Ltd.,MINING,3163890474,9576.46,1.42,1.48,0.27,1.86,-7.9608344,0.05
35,OIL,Oil India Ltd.,OIL EXPLORATION/PRODUCTION,11349039110,5715.83,0.85,0.59,0.04,1.79,-2.77970813,0.04
36,OFSS,Oracle Financial Services Software Ltd.,COMPUTERS - SOFTWARE,427221570,9052.16,1.35,0.49,0.05,1.52,3.34271729,0.05
37,PETRONET,Petronet LNG Ltd.,GAS,15000000880,16440.00,2.44,0.78,0.08,2.06,-0.20487139,0.04
38,PIDILITIND,Pidilite Industries Ltd.,CHEMICALS - SPECIALITY,507810330,16201.69,2.41,0.74,0.12,1.65,-8.12888735,0.03
39,PEL,Piramal Enterprises Ltd.,PHARMACEUTICALS,361238932,21989.05,3.27,1.31,0.26,1.64,6.95144321,0.03
40,PFC,Power Finance Corporation Ltd.,FINANCIAL INSTITUTION,26400814080,6938.66,1.03,1.53,0.21,2.48,-4.03476102,0.05
41,PGHH,Procter & Gamble Hygiene & Health Care Ltd.,PERSONAL CARE,324607360,9342.78,1.39,0.09,0.00,0.82,6.70053217,0.15
42,PNB,Punjab National Bank,BANKS,5521146454,7988.27,1.19,2.30,0.13,2.47,-8.96592947,0.05
43,RECLTD,Rural Electrification Corporation Ltd.,FINANCIAL INSTITUTION,19749180000,8680.36,1.29,1.33,0.17,2.55,-11.4261532,0.04
44,SBILIFE,SBI Life Insurance Company Ltd.,FINANCE,10000000000,8092.20,1.20,0.41,0.03,1.59,-2.23977965,0.05
45,SHREECEM,Shree Cement Ltd.,CEMENT AND CEMENT PRODUCTS,348372250,18965.28,2.82,0.84,0.13,1.48,-7.85754061,0.05
46,SRTRANSFIN,Shriram Transport Finance Co. Ltd.,FINANCE,2268827360,18868.66,2.80,1.06,0.11,2.22,-10.64773431,0.03
47,SIEMENS,Siemens Ltd.,ELECTRICAL EQUIPMENT,712240510,8728.06,1.30,1.23,0.25,1.62,-6.22249857,0.04
48,SAIL,Steel Authority of India Ltd.,STEEL AND STEEL PRODUCTS,41305252890,8570.84,1.27,2.32,0.28,2.84,9.28242265,0.04
49,SUNTV,Sun TV Network Ltd.,MEDIA & ENTERTAINMENT,1970423100,7707.31,1.15,1.42,0.17,1.99,-14.74498692,0.03
50,MCDOWELL-N,United Spirits Ltd.,BREW/DISTILLERIES,1453277430,18843.96,2.80,1.23,0.14,2.02,-0.56376361,0.05
,,,,,672976.40,,,,,,0.04
,,,,,,,,,,,
* Beta & R2 are calculated for the period 01-July-2017 to 30-June-2018,,,,,,,,,,,
,,,,,,,,,,,
* Beta measures the  degree to which any portfolio of stocks is affected as compared to the effect,,,,,,,,,,,
  on the market as a whole.,,,,,,,,,,,
,,,,,,,,,,,
* The coefficient of determination (R2) measures the strength of relationship between two variables,,,,,,,,,,,
   the return on  a security versus that of the market.,,,,,,,,,,,
,,,,,,,,,,,
* Volatility is the Std. deviation of the daily returns for the period 01-July-2017 to 30-June-2018,,,,,,,,,,,
,,,,,,,,,,,
* Last day of trading was 29-June-2018,,,,,,,,,,,
,,,,,,,,,,,
* Impact Cost for Nifty Next 50 is for a portfolio of Rs. 25 Lakhs  ,,,,,,,,,,,
,,,,,,,,,,,
* Impact Cost for Nifty Next 50 is the weightage average impact cost,,,,,,,,,,,
