Annexure II- Nifty Next 50 Index : September 2017,,,,,,,,,,,
,,,,,,,,,,,
Sr. No,Security Symbol,Security Name,Industry,Equity Capital (In Rs.),Free Float Market Capitalisation (Rs. Crores),Weightage (%),Beta,R2,Volatility (%),Monthly Return,Avg. Impact Cost (%)
1,ABB,ABB India Ltd.,ELECTRICAL EQUIPMENT,423816750,7410.97,1.13,0.51,0.04,1.32,4.37,0.07
2,ACC,ACC Ltd.,CEMENT AND CEMENT PRODUCTS,1877871730,14001.51,2.14,1.22,0.30,1.84,-7.96,0.02
3,ASHOKLEY,Ashok Leyland Ltd.,AUTOMOBILES - 4 WHEELERS,2926534926,17652.57,2.70,1.35,0.23,2.12,14.94,0.03
4,DMART,Avenue Supermarts Ltd.,MISCELLANEOUS,6240844860,7403.48,1.13,0.81,0.04,2.76,3.72,0.05
5,BAJAJFINSV,Bajaj Finserv Ltd.,FINANCE,795658900,31169.00,4.77,1.46,0.24,1.76,-6.33,0.04
6,BANKBARODA,Bank of Baroda,BANKS,4608319196,12999.15,1.99,1.53,0.23,1.51,-0.18,0.03
7,BEL,Bharat Electronics Ltd.,ELECTRONICS - INDUSTRIAL,2456990723,12799.94,1.96,1.20,0.23,1.81,-5.75,0.03
8,BHEL,Bharat Heavy Electricals Ltd.,ELECTRICAL EQUIPMENT,7342800000,11403.92,1.75,1.26,0.23,1.63,-2.31,0.03
9,BRITANNIA,Britannia Industries Ltd.,FOOD AND FOOD PROCESSING,240118296,25556.78,3.91,0.86,0.21,0.59,2.68,0.03
10,CADILAHC,Cadila Healthcare Ltd.,PHARMACEUTICALS,1023742595,12037.93,1.84,1.11,0.09,2.24,-5.93,0.04
11,COLPAL,Colgate Palmolive (India) Ltd.,PERSONAL CARE,271985634,14216.89,2.18,0.49,0.08,1.12,-4.12,0.04
12,CONCOR,Container Corporation of India Ltd.,TRAVEL AND TRANSPORT,2437177390,14769.11,2.26,0.65,0.07,1.94,2.03,0.03
13,CUMMINSIND,Cummins India Ltd.,DIESEL ENGINES,554400000,12555.26,1.92,0.89,0.12,1.35,1.29,0.05
14,DLF,DLF Ltd.,CONSTRUCTION,3568116260,7328.02,1.12,2.40,0.28,2.43,-11.21,0.03
15,DABUR,Dabur India Ltd.,PERSONAL CARE,1761520510,17192.44,2.63,0.71,0.14,1.21,-3.21,0.03
16,EMAMILTD,Emami Ltd.,PERSONAL CARE,226967619,6705.09,1.03,0.94,0.12,1.39,0.68,0.07
17,GSKCONS,GlaxoSmithkline Consumer Healthcare Ltd.,FOOD AND FOOD PROCESSING,420555380,5907.56,0.90,0.46,0.08,0.77,-6.60,0.07
18,GLAXO,Glaxosmithkline Pharmaceuticals Ltd.,PHARMACEUTICALS,847030170,5308.13,0.81,0.12,0.01,1.19,4.37,0.10
19,GLENMARK,Glenmark Pharmaceuticals Ltd.,PHARMACEUTICALS,282168156,8947.52,1.37,0.87,0.10,1.49,-1.77,0.02
20,GODREJCP,Godrej Consumer Products Ltd.,PERSONAL CARE,681329518,23171.03,3.55,1.16,0.18,1.42,-1.09,0.04
21,HAVELLS,Havells India Ltd.,ELECTRICAL EQUIPMENT,625148473,11477.54,1.76,1.42,0.24,1.36,-1.06,0.04
22,HINDZINC,Hindustan Zinc Ltd.,METALS,8450638000,7501.63,1.15,1.36,0.19,1.62,0.46,0.03
23,ICICIPRULI,ICICI Prudential Life Insurance Company Ltd.,FINANCE,14354479600,7255.33,1.11,0.70,0.08,1.75,-8.92,0.04
24,IDEA,Idea Cellular Ltd.,TELECOMMUNICATION - SERVICES,36068518830,10615.33,1.63,0.83,0.03,2.19,-14.56,0.05
25,INDIGO,InterGlobe Aviation Ltd.,TRAVEL AND TRANSPORT,3840701650,5476.23,0.84,0.34,0.02,1.78,-10.71,0.03
26,JSWSTEEL,JSW Steel Ltd.,STEEL AND STEEL PRODUCTS,2417220440,25824.01,3.95,1.60,0.31,1.93,-2.34,0.04
27,LICHSGFIN,LIC Housing Finance Ltd.,FINANCE - HOUSING,1009326000,18996.02,2.91,1.60,0.38,1.52,-6.90,0.03
28,MRF,MRF Ltd.,TYRES,42411430,15498.44,2.37,1.03,0.15,1.09,-1.69,0.03
29,MARICO,Marico Ltd.,PERSONAL CARE,1290471198,16040.56,2.46,0.91,0.20,1.19,-1.49,0.03
30,MOTHERSUMI,Motherson Sumi Systems Ltd.,AUTO ANCILLARIES,2105289491,26204.12,4.01,1.56,0.35,1.67,9.19,0.04
31,NHPC,NHPC Ltd.,POWER,1.02593E+11,5827.81,0.89,0.99,0.15,0.84,-6.88,0.10
32,NMDC,NMDC Ltd.,MINING,3163890474,9313.70,1.43,1.52,0.26,2.06,-7.03,0.05
33,OIL,Oil India Ltd.,OIL EXPLORATION/PRODUCTION,7566026070,6421.74,0.98,0.54,0.06,2.07,24.02,0.05
34,OFSS,Oracle Financial Services Software Ltd.,COMPUTERS - SOFTWARE,426545240,8062.00,1.23,0.56,0.08,1.25,6.24,0.06
35,PETRONET,Petronet LNG Ltd.,GAS,15000000880,17340.00,2.65,1.05,0.14,1.98,1.76,0.04
36,PIDILITIND,Pidilite Industries Ltd.,CHEMICALS - SPECIALITY,512704330,12220.31,1.87,1.12,0.29,1.28,-4.95,0.03
37,PEL,Piramal Enterprises Ltd.,PHARMACEUTICALS,345126200,21268.48,3.26,1.42,0.19,1.98,-3.37,0.04
38,PFC,Power Finance Corporation Ltd.,FINANCIAL INSTITUTION,26400814080,10942.08,1.68,1.45,0.21,1.95,-0.16,0.04
39,PGHH,Procter & Gamble Hygiene & Health Care Ltd.,PERSONAL CARE,324607360,7971.78,1.22,0.29,0.03,0.50,2.16,0.13
40,PNB,Punjab National Bank,BANKS,4255936516,9611.50,1.47,1.90,0.32,1.44,-10.26,0.04
41,RECLTD,Rural Electrification Corporation Ltd.,FINANCIAL INSTITUTION,19749180000,12380.56,1.90,1.57,0.22,2.02,-9.29,0.04
42,SHREECEM,Shree Cement Ltd.,CEMENT AND CEMENT PRODUCTS,348372250,22654.77,3.47,1.19,0.19,1.27,5.62,0.05
43,SRTRANSFIN,Shriram Transport Finance Co. Ltd.,FINANCE,2268827360,15310.41,2.34,1.50,0.25,2.36,7.05,0.04
44,SIEMENS,Siemens Ltd.,ELECTRICAL EQUIPMENT,712240510,10584.34,1.62,1.16,0.25,2.55,-7.48,0.04
45,SAIL,Steel Authority of India Ltd.,STEEL AND STEEL PRODUCTS,41305252890,5540.07,0.85,1.73,0.35,1.82,-11.76,0.05
46,SUNTV,Sun TV Network Ltd.,MEDIA & ENTERTAINMENT,1970423100,7507.80,1.15,1.73,0.16,3.31,9.42,0.04
47,TATAPOWER,Tata Power Co. Ltd.,POWER,2704773510,14098.90,2.16,1.05,0.23,1.97,-1.83,0.04
48,TITAN,Titan Company Ltd.,"GEMS, JEWELLERY AND WATCHES",887786160,24390.90,3.73,1.36,0.17,1.56,-5.27,0.03
49,TORNTPHARM,Torrent Pharmaceuticals Ltd.,PHARMACEUTICALS,846113600,6040.84,0.92,0.94,0.11,2.56,2.28,0.04
50,MCDOWELL-N,United Spirits Ltd.,BREW/DISTILLERIES,1307949680,12230.42,1.87,1.06,0.11,1.41,-5.71,0.03
,,,,,653143.90,,,,,,0.04
,,,,,,,,,,,
* Beta & R2 are calculated for the period 01-Oct-2016 to 30-Sep 2017,,,,,,,,,,,
,,,,,,,,,,,
* Beta measures the  degree to which any portfolio of stocks is affected as compared to the effect,,,,,,,,,,,
  on the market as a whole.,,,,,,,,,,,
,,,,,,,,,,,
* The coefficient of determination (R2) measures the strength of relationship between two variables,,,,,,,,,,,
   the return on  a security versus that of the market.,,,,,,,,,,,
,,,,,,,,,,,
* Volatility is the Std. deviation of the daily returns for the period 01-Oct-2016 to 30-Sep 2017,,,,,,,,,,,
,,,,,,,,,,,
* Last day of trading was 29-Sep 2017,,,,,,,,,,,
,,,,,,,,,,,
* Impact Cost for Nifty Next 50 is for a portfolio of Rs. 25 Lakhs  ,,,,,,,,,,,
,,,,,,,,,,,
* Impact Cost for Nifty Next 50 is the weightage average impact cost,,,,,,,,,,,
