Annexure II- Nifty Next 50 Index : November 2016,,,,,,,,,,,
,,,,,,,,,,,
Sr. No,Security Symbol,Security Name,Industry,Equity Capital (In Rs.),Free Float Market Capitalisation (Rs. Crores),Weightage (%),Beta,R2,Volatility (%),Monthly Return,Avg. Impact Cost (%)
1,ABB,ABB India Ltd.,ELECTRICAL EQUIPMENT,423816750,5621.4,0.92,0.61,0.09,1.08,-3.46,0.07
2,APOLLOHOSP,Apollo Hospitals Enterprises Ltd.,MISCELLANEOUS,695625795,9146.3,1.5,0.55,0.1,2.37,-10.87,0.04
3,ASHOKLEY,Ashok Leyland Ltd.,AUTOMOBILES - 4 WHEELERS,2845876634,11312.36,1.86,1.18,0.27,2.26,-12.97,0.04
4,BAJFINANCE,Bajaj Finance Ltd.,FINANCE,1077443800,19325.14,3.18,1.17,0.21,4.19,-14.86,0.04
5,BAJAJFINSV,Bajaj Finserv Ltd.,FINANCE,795806445,18083.91,2.97,0.84,0.16,2.32,-12.49,0.04
6,BEL,Bharat Electronics Ltd.,ELECTRONICS - INDUSTRIAL,2400000000,8634.3,1.42,1.02,0.32,2.22,8.41,0.04
7,BHARATFORG,Bharat Forge Ltd.,CASTINGS/FORGINGS,465588632,11147.47,1.83,1.07,0.26,2.09,2.18,0.04
8,BRITANNIA,Britannia Industries Ltd.,FOOD AND FOOD PROCESSING,240001630,17833.57,2.93,0.83,0.2,1.91,-8.53,0.03
9,CADILAHC,Cadila Healthcare Ltd.,PHARMACEUTICALS,1023742595,10280.94,1.69,0.73,0.1,3.07,-4.11,0.05
10,CASTROLIND,Castrol India Ltd.,PETROCHEMICALS,2472805960,9878.79,1.62,0.77,0.16,1.81,-10.92,0.04
11,COLPAL,Colgate Palmolive (India) Ltd.,PERSONAL CARE,271985634,12443.7,2.05,0.51,0.13,1.64,-3.83,0.05
12,CONCOR,Container Corporation of India Ltd.,TRAVEL AND TRANSPORT,1949741910,9809.15,1.61,0.61,0.1,2.1,-14.79,0.05
13,CUMMINSIND,Cummins India Ltd.,DIESEL ENGINES,554400000,10714.79,1.76,0.69,0.16,1.66,-7.81,0.05
14,DLF,DLF Ltd.,CONSTRUCTION,3567955676,5128.94,0.84,2.28,0.46,5.05,-23.46,0.05
15,DABUR,Dabur India Ltd.,PERSONAL CARE,1761520510,15983.33,2.63,0.67,0.16,1.78,-2.91,0.04
16,DIVISLAB,Divi's Laboratories Ltd.,PHARMACEUTICALS,530937160,14959.69,2.46,0.63,0.17,1.54,-8.92,0.04
17,EMAMILTD,Emami Ltd.,PERSONAL CARE,226967619,6795.48,1.12,0.4,0.05,2.67,-7.88,0.08
18,GSKCONS,GlaxoSmithkline Consumer Healthcare Ltd.,FOOD AND FOOD PROCESSING,420555380,5890.6,0.97,0.37,0.06,1.98,-17.43,0.06
19,GLAXO,Glaxosmithkline Pharmaceuticals Ltd.,PHARMACEUTICALS,847030170,5747.52,0.94,0.4,0.1,1.46,-7.79,0.09
20,GLENMARK,Glenmark Pharmaceuticals Ltd.,PHARMACEUTICALS,282168156,13341.59,2.19,0.91,0.21,2.2,-6.35,0.04
21,GODREJCP,Godrej Consumer Products Ltd.,PERSONAL CARE,340600816,18363.34,3.02,1.07,0.28,2.37,-9.12,0.04
22,HAVELLS,Havells India Ltd.,ELECTRICAL EQUIPMENT,624855342,8176.42,1.34,1.1,0.26,2.87,-15.6,0.04
23,HINDPETRO,Hindustan Petroleum Corporation Ltd.,REFINERIES,10158817500,23455.49,3.85,1.08,0.24,2.2,0.85,0.03
24,HINDZINC,Hindustan Zinc Ltd.,METALS,8450638000,7164.45,1.18,0.92,0.15,3.29,11.92,0.04
25,IBULHSGFIN,Indiabulls Housing Finance Ltd.,FINANCE - HOUSING,846702744,23643.6,3.89,1.37,0.36,2.93,-9.72,0.05
26,IOC,Indian Oil Corporation Ltd.,REFINERIES,48559049640,31275.43,5.14,1.01,0.26,2.5,-5.24,0.05
27,INDIGO,InterGlobe Aviation Ltd.,TRAVEL AND TRANSPORT,3614683630,3418.7,0.56,0.63,0.04,1.95,-8.37,0.04
28,JSWSTEEL,JSW Steel Ltd.,STEEL AND STEEL PRODUCTS,2417220440,18389.25,3.02,0.82,0.18,2.3,4.29,0.04
29,LICHSGFIN,LIC Housing Finance Ltd.,FINANCE - HOUSING,1009326000,17089.91,2.81,1.53,0.48,3.64,-4.08,0.03
30,MARICO,Marico Ltd.,PERSONAL CARE,1290171198,13038.47,2.14,0.73,0.18,2.28,-9.18,0.03
31,MOTHERSUMI,Motherson Sumi Systems Ltd.,AUTO ANCILLARIES,1403526327,16088.06,2.64,1.77,0.41,3.24,-6.62,0.05
32,NHPC,NHPC Ltd.,POWER,1.11E+11,6521.18,1.07,1.04,0.27,2.42,4.86,0.11
33,NMDC,NMDC Ltd.,MINING,3964716000,9681.84,1.59,1.29,0.24,3.26,-8.16,0.06
34,OIL,Oil India Ltd.,OIL EXPLORATION/PRODUCTION,6011359550,5797.99,0.95,0.44,0.09,1.51,0.49,0.05
35,OFSS,Oracle Financial Services Software Ltd.,COMPUTERS - SOFTWARE,425146005,6755.09,1.11,0.54,0.15,1.54,-4.63,0.06
36,PIDILITIND,Pidilite Industries Ltd.,CHEMICALS - SPECIALITY,512675330,9849.52,1.62,0.72,0.22,1.87,-11.72,0.04
37,PEL,Piramal Enterprises Ltd.,PHARMACEUTICALS,345126200,13732.23,2.26,0.74,0.1,3.71,-6.59,0.07
38,PFC,Power Finance Corporation Ltd.,FINANCIAL INSTITUTION,26400814080,11337.57,1.86,1.33,0.26,2.72,7.79,0.05
39,PGHH,Procter & Gamble Hygiene & Health Care Ltd.,PERSONAL CARE,324607360,6221.13,1.02,0.22,0.03,1.21,-6.23,0.13
40,PNB,Punjab National Bank,BANKS,4255936516,10289.26,1.69,1.65,0.31,4.01,-4.59,0.05
41,SHREECEM,Shree Cement Ltd.,CEMENT AND CEMENT PRODUCTS,348372250,13561.78,2.23,0.98,0.22,2.99,-7.8,0.07
42,SRTRANSFIN,Shriram Transport Finance Co. Ltd.,FINANCE,2268827360,13133.06,2.16,1.31,0.25,3.13,-16.68,0.05
43,SIEMENS,Siemens Ltd.,ELECTRICAL EQUIPMENT,712240510,9678.9,1.59,1.05,0.37,1.6,-8.44,0.05
44,SAIL,Steel Authority of India Ltd.,STEEL AND STEEL PRODUCTS,41305252890,5287.07,0.87,1.52,0.32,2.25,-1.16,0.06
45,TITAN,Titan Company Ltd.,"GEMS, JEWELLERY AND WATCHES",887786160,13498.34,2.22,0.94,0.23,2.4,-15.37,0.04
46,TORNTPHARM,Torrent Pharmaceuticals Ltd.,PHARMACEUTICALS,846113600,6758.31,1.11,0.95,0.22,2.36,-2.78,0.05
47,UPL,UPL Ltd.,PESTICIDES AND AGROCHEMICALS,1013835392,23137.95,3.8,1.21,0.27,2.99,-8.94,0.04
48,UBL,United Breweries Ltd.,BREW/DISTILLERIES,264405149,6044.09,0.99,0.47,0.08,1.56,0.64,0.05
49,MCDOWELL-N,United Spirits Ltd.,BREW/DISTILLERIES,1307949680,9786.02,1.61,0.7,0.1,2.32,-15.37,0.04
50,VEDL,Vedanta Ltd.,MINING,2964694239,25213.09,4.14,2.43,0.43,3.73,13.48,0.03
,,,,,608466.48,,,,,,0.05
,,,,,,,,,,,
* Beta & R2 are calculated for the period 01-December-2015 to 30-November-2016,,,,,,,,,,,
,,,,,,,,,,,
* Beta measures the  degree to which any portfolio of stocks is affected as compared to the effect,,,,,,,,,,,
  on the market as a whole.,,,,,,,,,,,
,,,,,,,,,,,
* The coefficient of determination (R2) measures the strength of relationship between two variables,,,,,,,,,,,
   the return on  a security versus that of the market.,,,,,,,,,,,
,,,,,,,,,,,
* Volatility is the Std. deviation of the daily returns for the period 01-November-2016 to 30-November-2016,,,,,,,,,,,
,,,,,,,,,,,
* Last day of trading was 30-November-2016,,,,,,,,,,,
,,,,,,,,,,,
* Impact Cost for Nifty Next 50 is for a portfolio of Rs. 25 Lakhs  ,,,,,,,,,,,
,,,,,,,,,,,
* Impact Cost for Nifty Next 50 is the weightage average impact cost,,,,,,,,,,,
