Annexure II- CNX Nifty Jr. Index : July 2013,,,,,,,,,,,
,,,,,,,,,,,
Sr. No,Security Symbol,Security Name,Industry,Equity Capital,Free Float Market Capitalisation for July 2013,Weightage,Beta,R2,Volatility,Monthly Return,Avg. Impact Cost July 2013
,,,,(In Rs.),(Rs. Crores),%,,,%,,%
1,ADANIENT,Adani Enterprises Ltd.,TRADING,1099810083,4812,1.48,1.8,0.31,2.16,-15.07,0.11
2,ADANIPORTS,Adani Ports and Special Economic Zone Ltd.,SHIPPING,4140103240,5835,1.8,0.9,0.11,1.96,-16.67,0.09
3,ABIRLANUVO,Aditya Birla Nuvo Ltd.,DIVERSIFIED,1202318670,6312,1.95,1.01,0.27,2.20,9.34,0.1
4,APOLLOHOSP,Apollo Hospitals Enterprises Ltd.,MISCELLANEOUS,695625795,7153,2.21,0.73,0.08,1.89,-10.94,0.08
5,ASHOKLEY,Ashok Leyland Ltd.,AUTOMOBILES - 4 WHEELERS,2660676634,1767,0.54,0.88,0.15,2.90,-32.59,0.16
6,BAJAJFINSV,Bajaj Finserv Ltd.,FINANCE,795759305,3519,1.09,0.78,0.12,2.00,-8.23,0.11
7,BAJAJHLDNG,Bajaj Holdings & Investment Ltd.,FINANCE,1112935100,5021,1.55,0.25,0.02,1.16,1.7,0.19
8,BANKINDIA,Bank of India,BANKS,5959023270,3951,1.22,1.63,0.37,3.39,-20.52,0.09
9,BHARATFORG,Bharat Forge Ltd.,CASTINGS/FORGINGS,465588632,2749,0.85,0.98,0.22,1.81,-8.07,0.12
10,BOSCHLTD,Bosch Ltd.,AUTO ANCILLARIES,313989000,8148,2.51,0.18,0.03,0.99,-0.48,0.11
11,CANBK,Canara Bank,BANKS,4430000000,3917,1.21,1.73,0.34,4.03,-24.04,0.09
12,COLPAL,Colgate Palmolive (India) Ltd.,PERSONAL CARE,135992817,9169,2.83,0.38,0.05,1.92,1.4,0.08
13,CONCOR,Container Corporation of India Ltd.,TRAVEL AND TRANSPORT,1299827940,4766,1.47,0.39,0.05,1.56,-7.9,0.17
14,CROMPGREAV,Crompton Greaves Ltd.,ELECTRICAL EQUIPMENT,1282983072,3149,0.97,1.24,0.19,2.31,-3.66,0.1
15,CUMMINSIND,Cummins India Ltd.,DIESEL ENGINES,554400000,5813,1.79,0.46,0.07,1.75,-6.1,0.13
16,DABUR,Dabur India Ltd.,PERSONAL CARE,1742935011,8816,2.72,0.4,0.06,1.82,3.86,0.08
17,DIVISLAB,Divi's Laboratories Ltd.,PHARMACEUTICALS,265468580,5949,1.83,0.49,0.07,1.47,-5.49,0.09
18,EXIDEIND,Exide Industries Ltd.,AUTO ANCILLARIES,850000000,5651,1.74,0.53,0.06,1.92,1.78,0.08
19,FEDERALBNK,Federal Bank Ltd.,BANKS,1712231650,5987,1.85,0.95,0.23,2.41,-14.56,0.09
20,GSKCONS,GlaxoSmithkline Consumer Healthcare Ltd.,FOOD AND FOOD PROCESSING,420555380,5412,1.67,0.4,0.02,2.90,-9.6,0.1
21,GLAXO,Glaxosmithkline Pharmaceuticals Ltd.,PHARMACEUTICALS,847030170,9895,3.05,-0.12,0.01,2.14,1.45,0.16
22,GLENMARK,Glenmark Pharmaceuticals Ltd.,PHARMACEUTICALS,270917653,8075,2.49,0.34,0.02,1.49,5.17,0.09
23,GODREJCP,Godrej Consumer Products Ltd.,PERSONAL CARE,340326925,9906,3.05,0.57,0.07,2.30,-2.6,0.13
24,HINDPETRO,Hindustan Petroleum Corporation Ltd.,REFINERIES,3386272500,3504,1.08,0.9,0.15,3.23,-16.38,0.08
25,IDBI,IDBI Bank Ltd.,BANKS,13327218810,2235,0.69,1.41,0.46,2.51,-8.12,0.09
26,IDEA,Idea Cellular Ltd.,TELECOMMUNICATION - SERVICES,33155711360,13580,4.19,0.47,0.04,2.83,19.4,0.07
27,INDHOTEL,Indian Hotels Co. Ltd.,HOTELS,807472787,2232,0.69,0.93,0.2,1.99,-7.81,0.14
28,JSWSTEEL,JSW Steel Ltd.,STEEL AND STEEL PRODUCTS,2417220440,6737,2.08,1.19,0.24,2.42,-14.04,0.09
29,LICHSGFIN,LIC Housing Finance Ltd.,FINANCE - HOUSING,1009326000,4991,1.54,1.55,0.4,3.00,-34.96,0.07
30,MPHASIS,MphasiS Ltd.,COMPUTERS - SOFTWARE,2101270990,2943,0.91,0.5,0.04,2.30,7.77,0.11
31,OFSS,Oracle Financial Services Software Ltd.,COMPUTERS - SOFTWARE,420382530,6219,1.92,0.31,0.02,1.33,9.62,0.1
32,PETRONET,Petronet LNG Ltd.,GAS,7500000440,3473,1.07,0.69,0.17,1.86,-7.25,0.08
33,PFC,Power Finance Corporation Ltd.,FINANCIAL INSTITUTION,13200150110,3751,1.16,1.69,0.33,3.44,-24.98,0.08
34,RELCAPITAL,Reliance Capital Ltd.,FINANCE,2456328000,3865,1.19,2.09,0.49,3.31,1.86,0.07
35,RCOM,Reliance Communications Ltd.,TELECOMMUNICATION - SERVICES,10320134405,9260,2.86,1.99,0.23,3.90,17.76,0.08
36,RPOWER,Reliance Power Ltd.,POWER,28051264660,5123,1.58,1.78,0.41,2.96,13,0.09
37,RECLTD,Rural Electrification Corporation Ltd.,FINANCIAL INSTITUTION,9874590000,5196,1.6,1.64,0.33,2.59,-21.05,0.1
38,SRTRANSFIN,Shriram Transport Finance Co. Ltd.,FINANCE,2268639360,10647,3.28,0.8,0.14,2.37,-10.73,0.12
39,SIEMENS,Siemens Ltd.,ELECTRICAL EQUIPMENT,712239770,4565,1.41,0.96,0.19,2.29,-7.22,0.11
40,SAIL,Steel Authority of India Ltd.,STEEL AND STEEL PRODUCTS,41305252890,3445,1.06,1.22,0.3,1.90,-17.83,0.1
41,TATACHEM,Tata Chemicals Ltd.,CHEMICALS - INORGANIC,2547562780,4537,1.4,0.62,0.16,1.43,-8.26,0.1
42,TATAGLOBAL,Tata Global Beverages Ltd.,TEA AND COFFEE,618398570,6399,1.97,0.71,0.1,1.81,18.82,0.09
43,TECHM,Tech Mahindra Ltd.,COMPUTERS - SOFTWARE,2322558600,18385,5.67,0.33,0.02,2.26,17.6,0.08
44,TITAN,Titan Industries Ltd.,"GEMS, JEWELLERY AND WATCHES",887786160,10978,3.39,0.95,0.13,2.26,17.85,0.1
45,UNIONBANK,Union Bank of India,BANKS,5967942090,3345,1.03,1.9,0.35,4.04,-28.58,0.1
46,UBL,United Breweries Ltd.,BREW/DISTILLERIES,264405149,4595,1.42,0.55,0.02,3.86,-4.72,0.1
47,UNIPHOS,United Phosphorus Ltd.,PESTICIDES AND AGROCHEMICALS,885208548,4010,1.24,0.88,0.13,2.56,-6.19,0.08
48,MCDOWELL-N,United Spirits Ltd.,BREW/DISTILLERIES,1307949680,22418,6.91,0.44,0.01,3.51,10.01,0.06
49,YESBANK,Yes Bank Ltd.,BANKS,3592933390,8647,2.67,1.55,0.38,4.04,-29.73,0.07
50,ZEEL,Zee Entertainment Enterprises Ltd.,MEDIA & ENTERTAINMENT,959506120,13427,4.14,0.52,0.04,2.31,4.68,0.08
,,,,Total,324279,100,,,,,0.1
,,,,,,,,,,,
* Beta & R2 are calculated for the period 01-Aug-2012 to 31-Jul-2013,,,,,,,,,,,
,,,,,,,,,,,
* Beta measures the  degree to which any portfolio of stocks is affected as compared to the effect,,,,,,,,,,,
  on the market as a whole.,,,,,,,,,,,
,,,,,,,,,,,
* The coefficient of determination (R2) measures the strength of relationship between two variables,,,,,,,,,,,
   the return on  a security versus that of the market.,,,,,,,,,,,
,,,,,,,,,,,
* Volatility is the Std. deviation of the daily returns for the period 01-Jul-2013 to 31-Jul-2013,,,,,,,,,,,
,,,,,,,,,,,
* Last day of trading was 31-Jul-2013,,,,,,,,,,,
,,,,,,,,,,,
* Impact Cost for CNX Nifty Jr. is for a portfolio of Rs. 25 Lakhs  ,,,,,,,,,,,
,,,,,,,,,,,
* Impact Cost for CNX Nifty Jr. is the weightage average impact cost,,,,,,,,,,,
